date_added,phone_number
2016-08-24 12:14:00.748567,+528158571575067
2015-11-04 16:47:31.593130,+293275233581766
2015-08-19 19:35:27.699277,+672974225400686
2016-10-05 17:00:06.833634,+21328966489895
2015-03-07 00:50:24.193950,+852781590119579
2016-04-12 00:58:41.026465,+56131636898107
2016-02-01 21:52:46.151632,+47947412510492
2016-10-20 21:48:08.558584,+75489067328341
2016-05-09 21:10:43.566797,+198177570193904
2015-10-12 18:29:44.833351,+497771546487993
2016-07-18 10:45:08.994255,+14532968926768
2016-02-14 03:05:13.811516,+387835414001291
2016-04-24 16:18:58.775740,+413935446165578
2015-08-10 06:53:31.743413,+349641482223660
2016-07-18 20:11:55.733716,+13124396921319
2016-05-28 07:17:20.762218,+185439297117203
2015-06-12 15:37:37.692617,+648573587986295
2016-06-20 17:02:40.000807,+130403497019105
2015-11-22 17:46:13.209706,+32549593699102
2015-08-21 13:49:07.425359,+731471811012465
2016-06-16 11:11:50.172405,+857674061695510
2016-03-03 10:48:48.392828,+252664789653929
2015-08-08 06:37:20.237161,+132443867657818
2016-08-08 00:38:37.402945,+877106510732779
2015-11-21 02:35:06.937952,+32584382198875
2016-06-08 22:52:42.754285,+321487847475183
2016-07-13 10:04:07.252811,+54547632075651
2016-07-14 03:24:38.963083,+58820450748793
2015-06-14 10:54:07.235353,+168266426029867
2016-07-15 01:33:24.955322,+635498199088609
2015-06-25 05:42:48.277143,+815117579782079
2015-11-09 12:53:36.332626,+162629933542106
2016-01-12 06:24:17.814445,+620571569001582
2015-06-02 16:41:58.747135,+537386415848156
2016-06-29 06:47:11.454900,+961864391825456
2015-02-11 22:58:13.807576,+568476124890816
2015-05-01 02:17:51.870143,+313414747863088
2015-06-08 12:45:49.761746,+959380016921578
2015-07-25 21:40:41.527324,+618910566728716
2015-11-15 07:53:13.134708,+233572936714090
2016-07-13 17:32:18.817147,+150907937723647
2015-04-18 10:58:44.332939,+417670724775895
2015-08-21 06:28:05.746347,+952822854590127
2016-10-07 08:00:00.903864,+369970030852928
2016-08-21 10:22:25.058293,+41779608378672
2016-10-22 14:04:35.722507,+20519113300075
2015-08-11 18:29:49.049061,+820587546250864
2016-09-25 06:28:22.494021,+948569751294331
2015-10-24 14:25:01.569629,+324764854929317
2016-01-29 01:08:41.258014,+231575172213146
2015-04-25 07:40:19.861258,+299404660840871
2016-11-13 16:21:17.140514,+856716656440237
2016-05-13 19:17:10.231810,+668132354348402
2015-08-13 06:57:36.968947,+648901941589196
2016-05-04 07:00:17.376390,+866864507119677
2015-05-25 08:22:46.226264,+838736650041603
2015-07-09 05:53:49.186163,+841904114709845
2015-07-04 19:33:57.515089,+645658124926694
2016-04-25 13:34:46.746439,+304539715768622
2016-09-07 05:30:10.961614,+750476534268744
2016-02-24 21:16:58.926365,+285824451451250
2015-08-03 04:58:49.348313,+134882272720647
2016-03-03 17:02:55.644976,+310526655300542
2015-11-02 01:34:55.297463,+826791129821351
2016-08-21 08:46:23.679246,+53018506715780
2016-07-28 09:54:30.953428,+171473626879604
2016-11-28 19:34:47.822781,+493512565272266
2015-09-04 17:52:00.285076,+279865998971636
2015-03-14 20:36:20.050891,+61582968558362
2016-02-02 19:55:46.629145,+635358205779374
2016-07-22 10:57:23.960784,+939473804418821
2016-09-21 04:23:51.723899,+408716495745773
2015-03-30 05:44:42.724116,+124166151090828
2015-07-09 22:50:40.173809,+5737042661522
2016-03-19 05:49:37.914913,+128754973968377
2016-01-14 15:52:11.419574,+494497168808348
2015-11-08 01:06:47.666556,+892898228625613
2015-10-07 04:21:17.027817,+17070148957932
2015-02-24 09:04:05.980230,+634969150679894
2016-02-19 14:21:55.163493,+776876417275959
2015-10-27 20:46:03.877882,+346716076290554
2016-06-07 03:57:13.889962,+199375302083804
2016-11-24 03:30:22.170564,+31947932044295
2016-03-15 21:05:49.699998,+662549539769286
2016-09-04 19:21:02.130851,+655904522468173
2016-03-24 19:41:19.312714,+721731688118999
2016-10-16 07:39:11.503412,+368573187918469
2015-04-08 05:03:09.557165,+89126690122126
2015-10-17 04:24:23.511702,+561809781664377
2016-05-07 16:45:09.348810,+868713106993780
2016-06-22 05:46:54.298727,+716747105808713
2016-06-23 03:38:18.122613,+19810450265544
2016-10-12 01:04:21.196173,+514363045009288
2015-06-03 09:00:24.584519,+441635186190206
2015-01-22 22:38:00.000319,+313625852415854
2016-05-19 18:15:15.526505,+167503526644309
2015-05-20 09:09:05.189579,+225621447797715
2015-11-03 21:14:19.025464,+538740472444298
2016-06-08 05:46:14.518028,+61197614991509
2016-07-17 00:10:18.176578,+2392558026751
2016-05-05 03:40:41.972408,+353653094930306
2016-04-13 00:57:07.439641,+516315340210036
2016-01-11 18:39:32.593964,+132846365842235
2016-08-12 03:23:15.919816,+732726869268397
2015-09-29 02:03:30.873118,+946700608647236
2016-08-13 13:50:32.494439,+68419663317034
2015-09-14 01:00:47.496163,+824929392485665
2015-03-15 12:15:17.319093,+614275856416447
2015-03-27 17:39:50.990680,+531612856121715
2016-07-19 19:31:33.971668,+286273102470665
2016-07-08 11:45:11.893386,+434496093746137
2015-05-21 10:08:32.408427,+161958305876818
2016-10-27 20:49:45.722116,+72879636965271
2016-07-24 10:53:25.096392,+115207161359162
2016-11-22 12:40:33.574926,+476759039915214
2016-04-20 00:04:05.334286,+844234883610747
2016-06-23 08:13:47.989355,+104682971650613
2016-10-06 00:17:04.841974,+716221440747472
2015-04-20 22:51:24.658062,+17357485117989
2015-08-11 01:24:11.383502,+61368348576320
2016-03-10 04:56:57.275497,+805749808077024
2016-10-06 04:40:53.765591,+159612386239616
2016-01-13 00:23:43.654107,+605384153301731
2016-06-28 08:08:12.498723,+601252798614411
2015-01-08 08:25:09.156297,+621174563652114
2015-03-21 16:37:15.267497,+660562812854944
2016-05-16 20:00:25.177151,+892219992469644
2016-05-24 12:05:53.606133,+80980828362379
2016-02-13 11:25:45.433485,+618329178331648
2015-02-26 13:49:00.475093,+869218067001262
2016-10-08 03:23:27.013859,+872989726428339
2016-01-13 06:49:53.745953,+783635584724843
2015-07-15 17:43:08.277503,+489463771187166
2015-09-06 02:10:17.088969,+66661486661442
2015-05-24 08:36:19.296265,+763453531097637
2015-06-15 02:46:34.768527,+756937865427684
2016-08-13 15:27:43.201158,+191473756606368
2016-07-01 12:53:43.451924,+547436518529625
2015-01-05 13:05:17.506007,+647296436973438
2015-07-28 15:52:19.912214,+559999362527068
2016-04-03 08:28:16.901137,+79289527849686
2016-06-22 11:47:29.117399,+615406993023703
2015-08-02 03:55:05.059398,+511105368505279
2015-09-18 18:50:20.843365,+68556706454116
2016-08-14 13:05:53.946342,+833997082703936
2015-11-25 04:37:31.239609,+413137037093727
2016-05-24 00:08:35.367706,+936833943543259
2016-02-26 13:31:36.116561,+909977384329197
2016-08-23 21:04:23.126030,+11440645875336
2016-09-13 03:37:34.253006,+340257161048663
2016-04-07 17:33:47.574924,+266884533135025
2015-03-02 19:27:00.692939,+877718300298945
2016-10-18 21:19:58.288023,+82510278180622
2015-07-06 16:26:27.950836,+412899033554360
2015-05-06 03:40:10.531078,+795828555350494
2016-01-16 21:14:36.749952,+624377587987524
2015-02-23 13:51:03.521860,+525885361315870
2016-10-21 08:13:22.049217,+692769976415199
2016-07-23 00:58:31.925032,+247250468319856
2015-04-26 03:48:08.801803,+102692994246683
2016-04-16 08:20:35.505403,+683308553310011
2015-10-22 09:48:48.148980,+187609517467398
2015-01-19 02:07:26.179181,+36010771844656
2015-03-26 21:14:11.976648,+867923425990047
2015-07-17 20:38:40.274970,+158718907130749
2016-11-06 03:06:25.953958,+35598178805933
2015-10-23 09:53:38.893075,+615232523883285
2016-10-04 18:57:50.119882,+701464602188030
2015-06-24 22:48:04.262596,+101237583662694
2016-06-29 17:07:30.583860,+17953374645811
2015-09-24 10:46:21.371090,+160382039213528
2016-03-25 11:34:40.587720,+434339386132594
2015-10-16 21:07:28.300900,+531730484549099
2016-08-14 01:32:41.615148,+809280164101393
2016-03-30 02:49:00.477730,+910594874272544
2015-10-24 14:25:02.217555,+616989613139875
2016-01-30 20:56:46.605536,+663674196894471
2016-05-25 03:02:41.563553,+524805053533069
2016-06-03 04:10:48.477203,+85934333099136
2016-04-07 08:50:04.941829,+90298456806332
2015-02-21 08:30:00.612271,+186859135640108
2015-06-14 11:33:20.061770,+494790260911998
2015-08-08 02:40:15.981502,+613181263373147
2015-02-04 02:42:24.462506,+747261451271660
2015-03-18 11:29:41.115954,+824954689335901
2015-06-09 12:18:30.704664,+886813220433274
2016-03-25 20:39:44.907086,+231758371163150
2015-05-17 22:48:05.205056,+248349136988749
2016-09-19 00:24:54.787565,+290994060480859
2016-02-23 18:57:18.432717,+923787291057365
2016-09-07 07:10:21.868118,+686756852086316
2015-11-27 04:46:50.131421,+32564471094641
2016-09-17 16:08:55.178231,+293909594464638
2015-01-25 10:07:02.561097,+518388527476248
2016-04-26 14:01:34.891412,+563388555267560
2015-03-27 11:47:13.776053,+444463511672758
2015-11-04 18:01:46.723638,+811242885983356
2015-03-05 20:22:48.227204,+96048000426032
2016-10-12 16:17:42.737872,+511165246009232
2015-05-21 02:37:42.651329,+840146927347399
2016-06-15 02:14:05.404862,+326504502217191
2016-08-13 08:42:21.181747,+597952759014978
2015-11-23 17:34:44.115207,+429149224772390
2015-11-21 19:33:49.835276,+247709207780083
2016-06-04 06:19:09.879426,+831221722203598
2015-01-13 19:34:17.728088,+4374766428498
2015-08-25 17:06:50.137940,+501338501186937
2016-01-26 02:04:03.208872,+861712595148003
2016-02-02 03:07:45.985592,+285954912950964
2016-07-25 00:16:23.575556,+41627188667184
2015-01-19 08:39:00.192990,+971373030641573
2015-02-04 09:34:45.521442,+88136431915030
2015-11-29 21:19:19.146817,+163279888402611
2016-04-22 05:41:09.869721,+877471697290319
2015-03-26 11:04:57.869432,+499777446449736
2016-04-17 08:55:00.597023,+544225945971754
2015-07-25 09:35:57.025729,+368250732207408
2016-07-19 00:33:29.526810,+374709926580231
2015-02-15 04:43:03.137093,+731895013555850
2015-03-02 08:41:25.723095,+797630550937769
2015-05-19 20:18:22.685611,+789596023897660
2015-03-25 12:01:14.568449,+166788637319284
2016-05-05 09:32:48.787601,+570270359902586
2016-06-12 20:26:45.546003,+671486648560698
2016-10-22 04:45:35.555291,+565281347509300
2016-07-23 06:05:50.609735,+230921251514394
2015-08-10 12:39:53.114281,+117496903357807
2015-10-03 20:13:21.381283,+278183783908237
2016-04-11 08:12:13.884369,+728903029814746
2016-06-02 07:31:37.465126,+287550621785397
2016-01-25 05:41:02.073667,+801399733481814
2015-09-04 11:57:54.810667,+734107185016796
2016-08-04 06:24:02.251175,+192317102706729
2016-11-11 19:26:48.764742,+572604508084763
2015-02-15 13:24:02.956754,+383878532942314
2015-08-30 16:31:26.595875,+193164147374333
2016-04-29 07:24:20.928402,+585987363766601
2015-11-29 04:01:20.737797,+240458367290423
2015-03-26 10:51:46.766209,+558853548848632
2016-03-21 20:26:06.783898,+359857777917791
2015-04-13 17:24:54.445514,+437602832215450
2016-10-08 02:03:31.768966,+804116574236421
2016-07-10 12:56:23.343915,+2937546424475
2016-05-15 16:23:29.629001,+548944007078374
2015-08-16 02:54:20.110831,+22750518281532
2016-01-21 06:32:17.366004,+967570101280466
2016-05-20 07:50:25.515778,+756947839853760
2016-06-29 17:49:23.464812,+544155652616951
2016-02-22 10:34:29.025976,+929811785941667
2015-04-24 08:08:55.716638,+423840173202259
2016-08-25 12:49:18.495210,+297589220987114
2015-07-24 03:30:41.162286,+548950029157954
2016-11-23 10:44:13.191268,+224450915303174
2016-05-29 14:49:32.507363,+914144725355247
2015-07-05 04:44:00.149426,+9681112316716
2015-02-26 11:53:39.695258,+495220701749517
2015-10-27 18:43:14.603181,+287124969179497
2016-05-04 19:49:01.180984,+602891057326708
2016-08-18 21:52:37.446925,+911481358821067
2015-10-07 06:40:38.959429,+791673873750645
2016-06-02 12:58:29.197980,+458691872838343
2016-10-17 15:26:54.388464,+462739273435994
2015-06-26 00:00:26.980241,+346243134926059
2016-08-01 21:43:41.189649,+661412184031275
2015-03-15 18:18:17.639966,+113651237221875
2016-11-28 16:42:32.048584,+79934657827435
2015-01-07 01:15:53.178301,+584693439514560
2015-09-16 04:29:39.941558,+608564086031599
2016-04-19 19:42:26.335367,+156729143181844
2015-08-30 02:19:31.272216,+951728271780949
2015-03-03 15:53:28.506154,+83696844804138
2015-06-10 11:44:26.566498,+933816025601125
2015-05-26 11:20:54.256801,+275652841090966
2015-04-09 14:57:46.765032,+35148575765723
2015-04-18 04:35:58.984787,+399964755433145
2016-02-06 14:46:20.175613,+75959546696398
2016-09-11 10:14:05.234693,+65062161885435
2015-01-28 11:08:41.632545,+152241998063142
2015-10-06 01:13:26.909447,+438340922558602
2016-02-19 15:46:52.164640,+567235491155900
2015-02-09 14:39:45.811688,+739138229430174
2016-10-09 10:12:31.362607,+790508126336528
2015-01-30 03:07:33.088111,+237316168808344
2015-02-26 02:57:11.086053,+910368185505944
2016-08-23 18:17:46.780081,+116305360018010
2016-06-05 03:21:10.305317,+967965358345476
2015-03-01 06:24:26.765811,+472100268770735
2016-05-17 12:26:29.906154,+194182866408952
2015-09-13 02:50:32.838352,+906729893354669
2015-11-23 08:46:57.284397,+417387437236716
2016-05-05 05:55:38.489359,+606103152237626
2016-02-24 20:23:22.817769,+98874071178193
2016-01-14 03:57:20.118501,+80444060989281
2015-09-09 21:23:39.550952,+288254803023962
2015-03-23 02:00:17.730410,+877332165919569
2016-10-25 10:40:35.019255,+382409275092332
2015-08-07 07:42:41.431600,+851355396356171
2015-08-07 05:58:48.373413,+814298512437366
2016-06-21 04:42:26.611304,+67462881228463
2016-04-21 00:27:43.924792,+839287517674927
2015-01-06 08:16:16.468590,+57623498367316
2015-06-17 15:42:03.981738,+796734278076139
2015-08-20 03:09:07.534415,+873505411600521
2016-01-11 13:03:20.141098,+630372445346163
2015-09-09 20:52:16.504356,+938130700358149
2016-02-27 17:04:21.997037,+61870642704959
2016-05-23 15:05:56.398201,+44751382307420
2015-08-02 03:08:01.763642,+341879420030024
2015-08-05 12:27:33.564885,+55467940004649
2015-07-04 15:30:45.635977,+512268657639461
2015-08-01 02:44:04.505741,+202113172748454
2015-01-20 11:31:22.499640,+472866960894429
2016-09-26 22:39:45.685974,+846391067035029
2016-08-10 14:20:50.546221,+208610681040992
2015-11-04 06:20:00.352264,+958142438418336
2016-01-06 10:17:18.056824,+470243396561760
2016-06-25 04:01:35.282890,+305126785135640
2016-05-13 01:58:57.031813,+968130992471649
2016-11-05 19:09:10.988932,+192673857996332
2016-04-28 13:20:19.140963,+351318772237354
2015-07-04 16:30:45.886295,+415844848694486
2016-08-08 06:27:27.427830,+611896057055427
2016-07-25 21:14:47.197700,+457463918569578
2015-09-28 03:53:16.966246,+491306439644806
2016-11-20 00:31:00.399112,+461492574229741
2016-04-11 05:29:10.305431,+36155718336663
2016-11-04 06:54:06.823633,+663736483210546
2015-02-20 10:23:28.899469,+293661239222559
2016-06-21 21:40:19.687281,+300827705302285
2015-01-02 22:54:20.216940,+710945747949054
2015-01-09 04:50:37.802930,+298696474563927
2016-09-08 11:34:43.906955,+76215283526092
2016-02-03 14:15:07.246377,+93197701724016
2016-02-23 16:48:48.935129,+907704284508279
2016-11-21 12:49:00.503704,+836594210696681
2016-11-20 05:43:18.099785,+894438770056701
2016-02-23 03:23:20.227999,+968132871232407
2015-11-11 18:03:31.284465,+721995503426843
2016-09-12 07:56:51.498851,+890251509387963
2015-04-17 06:55:00.828312,+520268303607127
2016-09-15 05:23:06.458561,+502863001465305
2015-06-13 11:30:15.194024,+19543614103647
2016-11-25 21:35:13.344663,+894306011421664
2015-05-30 08:33:03.484929,+346132796122804
2015-01-29 01:44:25.436654,+372173541708820
2015-04-25 17:36:54.225040,+226668232798001
2015-03-06 04:05:41.852251,+708992851144354
2015-08-30 22:24:45.345632,+858704086411175
2016-08-02 08:40:09.615927,+612274250156942
2016-07-24 10:52:47.024257,+815703484828649
2015-01-10 04:17:34.073786,+612554251762015
2016-11-22 07:46:16.187136,+954371509666880
2015-05-23 22:13:48.830632,+233231299563042
2015-10-21 11:49:14.071743,+795906005622349
2016-11-22 15:26:57.388636,+670236997452592
2015-10-10 13:14:43.086832,+874997016516325
2016-06-08 21:17:07.427012,+421572381213745
2015-09-18 17:21:00.032052,+174728261633006
2015-01-20 11:03:22.003134,+346643110235316
2015-04-22 07:32:58.473328,+266999138168649
2016-09-07 09:25:45.451574,+281697409578047
2015-03-20 13:32:52.911715,+789992334239022
2016-04-07 06:03:42.227083,+38876447682851
2016-11-09 06:41:27.522010,+554607955691158
2015-11-21 00:45:46.976018,+940252689563934
2015-04-14 22:39:42.210544,+62356735404967
2015-07-24 11:37:15.409689,+536491248808602
2016-02-16 15:01:20.586576,+176993677753882
2015-04-18 10:46:45.862424,+217456659970262
2016-09-23 17:51:18.205716,+205567354696521
2015-02-05 17:47:50.871708,+182390744841459
2015-02-25 12:10:11.464328,+47970533739874
2015-08-14 18:12:43.384439,+968353198377472
2016-04-20 10:30:11.256611,+4989859826936
2015-05-22 19:50:30.273582,+554210696349821
2015-04-21 08:08:31.034794,+521817526653795
2015-01-09 10:18:17.153238,+960783857862814
2016-05-04 18:28:49.522438,+246163039440877
2015-01-08 04:13:42.510131,+565922592559522
2015-05-12 11:49:00.159582,+336300298100573
2015-03-15 22:58:50.223318,+6236545603132
2015-06-09 14:00:04.271919,+505209002815672
2015-06-19 03:21:07.912716,+649580982458370
2015-04-27 06:09:51.317493,+231514114616178
2015-02-18 07:02:07.178838,+547905146011757
2016-10-20 00:28:41.372373,+829360838251956
2015-06-06 11:07:27.213400,+39366762990093
2016-11-24 04:10:47.328308,+432570382010351
2016-06-17 10:28:31.409111,+323461503376216
2016-07-16 04:32:11.607338,+578383570297503
2016-08-03 01:51:10.144084,+626761719608166
2015-01-14 18:48:14.213510,+956415523382933
2015-11-03 00:13:40.322434,+364925758308571
2016-09-16 10:16:07.263289,+33265042924393
2016-03-12 06:08:32.990051,+233304905668837
2015-02-13 21:15:09.646206,+506435751970288
2015-04-15 19:47:19.887148,+775264630474721
2016-01-26 02:25:50.057022,+485306504679318
2016-02-14 08:04:36.858666,+515824439967732
2016-04-10 15:20:43.347309,+117501833340100
2016-03-06 21:20:19.110894,+81216549002906
2016-01-12 15:10:13.590274,+391103864214905
2016-06-17 01:46:37.488594,+201528233289989
2016-10-15 15:29:07.946642,+532260089351739
2016-01-23 13:21:55.698474,+543698795364728
2015-06-14 09:47:46.237080,+867476031869463
2015-03-14 03:03:58.054160,+592892029158381
2015-09-19 04:53:19.806037,+248995111741996
2015-10-04 15:19:29.860772,+80056382051891
2015-01-15 06:00:41.216074,+564745972836991
2015-10-01 02:25:43.367653,+224203870447283
2015-03-17 11:02:30.341777,+239380662267370
2016-07-10 21:49:48.387272,+612116281797946
2015-10-03 02:58:17.670887,+823446400600044
2016-03-09 20:12:23.533036,+167427206752004
2016-01-11 18:28:26.623972,+83913391229796
2016-01-08 01:56:01.481570,+54981814823237
2015-02-19 09:19:22.348325,+413348538139716
2016-11-25 16:25:41.506266,+533130444576322
2016-09-19 20:08:12.488822,+348513092614676
2016-09-13 18:51:49.864613,+27792055996888
2016-04-14 09:26:43.662772,+47634417968261
2015-01-07 18:58:55.920884,+2623441165896
2016-05-10 16:47:08.720723,+798735902963618
2015-01-16 15:14:23.263957,+967695972810518
2015-03-24 05:43:38.799647,+277704761308234
2015-03-19 11:32:23.607097,+463716922009175
2016-05-30 12:17:54.757272,+344874535821330
2015-06-04 03:28:24.086653,+248768732188688
2016-05-11 00:01:26.103052,+394196533533910
2015-10-24 22:08:08.319816,+55878301490084
2016-07-21 01:06:35.465114,+85218329704348
2015-09-29 08:24:58.531961,+361535443802063
2015-05-16 03:15:02.332387,+51985238221678
2015-09-15 13:32:04.315037,+158367272528428
2016-09-15 08:01:13.917771,+779337933707238
2016-02-18 02:44:17.379806,+559412322203133
2015-10-04 06:51:06.644990,+875975612646432
2015-07-14 18:15:26.697109,+541628062497243
2015-06-06 18:01:38.513617,+388634131278745
2016-01-09 14:29:45.422641,+421791670650964
2016-04-07 09:54:03.059625,+894299181198103
2016-11-01 16:39:57.223707,+527276311955714
2015-01-13 20:21:55.411773,+688450180294409
2016-02-23 17:44:16.516563,+68241608563130
2015-11-12 11:31:49.592329,+846160085800831
2016-08-16 05:15:34.513808,+475496902297130
2015-04-06 03:11:40.517520,+77900351182683
2015-11-23 18:15:53.501759,+729461892549706
2016-03-10 09:51:22.198782,+273885841455334
2015-07-05 12:18:31.865804,+851604685226857
2015-07-21 22:43:13.680595,+88287138735240
2016-09-27 09:47:45.887324,+95145027164484
2016-07-30 03:12:49.076611,+605933583949173
2015-11-17 10:31:51.823719,+954417448806860
2015-03-05 04:45:42.664994,+75031879153247
2016-04-27 01:20:11.129290,+438691835774663
2015-05-27 22:02:01.737046,+287985514970495
2015-10-25 19:01:46.101457,+203860419061025
2015-01-26 06:57:23.698749,+299119609874347
2015-08-02 16:03:51.920643,+883378115032231
2016-06-20 20:55:50.775447,+507753948937702
2015-10-16 22:29:29.138469,+271195439867480
2016-03-14 04:22:49.900399,+778546566232709
2016-04-25 09:03:33.753506,+552826198479950
2015-04-16 04:57:42.953739,+732282775726990
2016-03-27 12:45:07.980997,+764167850675293
2016-10-08 12:25:33.405429,+745946747194303
2016-11-25 19:48:56.276547,+442658901563975
2015-03-03 04:56:18.608645,+402907306389094
2015-10-27 10:04:17.320082,+180328605904495
2016-01-30 05:39:38.881082,+23893598928907
2015-01-11 13:44:42.792716,+664298361462313
2015-05-21 04:55:51.913413,+126764425541907
2016-03-07 09:57:40.914751,+19675122748869
2015-04-01 06:14:08.362088,+815742745403998
2016-10-07 02:41:41.299616,+525145077849919
2016-06-12 20:24:31.389854,+306881779669503
2015-11-13 02:24:35.538265,+188780454419051
2016-07-09 14:28:36.383367,+942204910223446
2015-05-23 11:52:42.183785,+210961143094851
2015-08-25 12:06:07.718626,+876245402149852
2016-05-09 20:37:03.660804,+259566426523162
2016-07-23 08:04:19.161738,+470594274522520
2015-06-19 18:11:57.997330,+33830415853913
2016-11-19 02:53:28.722227,+843239853307154
2015-06-07 10:13:37.284660,+451155282227761
2015-09-13 01:32:22.964599,+431754858147913
2016-02-26 06:15:04.565276,+116699033948739
2016-04-14 21:39:03.745634,+28956158391885
2015-02-02 08:01:43.634089,+453885685667415
2015-07-30 07:03:13.724780,+299281700886521
2015-02-09 06:06:25.957423,+907341810765605
2016-11-13 14:32:12.948838,+73812795641892
2016-02-12 05:22:46.505250,+679757392528875
2016-03-13 06:08:41.203116,+4573667912756
2015-05-10 01:32:16.152887,+708307623859362
2015-11-21 17:54:24.164520,+187809898290665
2016-09-03 04:39:12.289916,+309729700127526
2016-03-05 16:33:19.470475,+718812459282356
2016-02-02 20:18:52.371211,+309971172131038
2015-07-25 07:18:33.682573,+125666158451491
2015-05-16 05:05:33.058726,+238798164358317
2015-04-13 03:08:12.880597,+146435716890569
2015-04-18 02:05:44.300905,+82519368197354
2015-06-18 19:35:27.832485,+791414483193965
2015-06-16 06:25:07.004806,+534353453085302
2015-08-11 01:32:36.568052,+931939498787994
2016-05-02 10:47:14.049284,+786983200350313
2016-06-16 18:49:06.521672,+132773723540883
2015-11-24 15:44:46.852825,+175657973163684
2015-04-06 13:24:32.870258,+716820679726516
2015-04-19 04:39:01.180944,+635279092994781
2015-05-23 20:42:05.671646,+702467182619764
2016-07-10 07:03:35.080035,+179182622066495
2016-08-25 18:55:20.236240,+688968810622438
2015-03-28 15:10:25.413369,+335988822887739
2016-05-24 02:03:22.144249,+26136884069638
2016-10-02 10:43:43.858498,+426369199468826
2016-08-25 12:37:20.899569,+611226643258740
2015-01-07 03:28:21.926261,+451900012891755
2016-08-21 09:37:49.906587,+813729406378357
2015-03-17 06:41:45.464613,+759909585983879
2015-03-04 16:36:14.093381,+60238375643418
2016-07-17 11:48:07.196484,+151664028510487
2016-11-10 01:38:51.341513,+682952742664438
2016-10-01 19:18:15.483798,+384366814450969
2015-09-01 00:49:28.899770,+750738640993123
2016-01-14 17:11:36.956489,+174888741958609
2015-02-03 04:29:48.418679,+273315312033885
2016-03-25 21:21:05.351800,+853874514610287
2015-02-11 02:39:33.034225,+930793776127774
2016-10-05 01:05:38.819646,+359351469734632
2015-02-14 16:28:38.526937,+73429231588062
2015-06-17 11:04:37.544479,+306963195839198
2016-10-17 20:52:30.536766,+392431581533801
2015-06-27 12:49:15.918681,+896169061258321
2015-03-23 14:46:33.420856,+434338194989559
2015-02-22 12:44:46.364163,+633150460546584
2016-04-05 03:16:13.366641,+465529987024865
2016-09-24 19:23:39.739310,+438499466877184
2015-10-28 07:11:20.457487,+324407978268881
2015-05-09 10:33:04.134610,+739798218682126
2015-11-29 05:00:38.491429,+10369904628589
2015-10-18 07:11:18.646823,+126859934699625
2015-08-04 01:42:27.051118,+55219691007094
2015-04-16 18:58:01.120897,+388859436685490
2015-03-14 00:04:10.996649,+86335298096307
2015-04-14 14:05:11.015197,+860200092252119
2015-05-17 14:11:46.158632,+671824220028462
2016-09-19 21:42:57.918940,+458754068312730
2016-06-11 22:11:33.216499,+551718696132145
2015-10-17 14:55:01.819675,+90163244622783
2015-05-10 07:23:05.192594,+844464952108
2016-10-28 02:19:31.842363,+15448277216853
2016-03-19 11:00:42.584689,+538391468776684
2015-08-11 20:02:02.060715,+600844569012250
2015-02-17 20:42:50.302374,+945670124863242
2016-08-08 18:28:13.395854,+106905581194995
2015-07-20 06:30:43.565307,+836191664434910
2016-04-07 02:01:27.176326,+527273600608545
2015-07-10 18:36:03.600146,+734852154911582
2015-05-07 19:33:12.947907,+397330270567425
2015-09-25 00:23:17.545593,+403537191247598
2016-10-28 18:55:14.373551,+32379284485308
2016-06-21 00:09:34.676039,+271122331927649
2016-03-12 15:25:55.912098,+21179732133909
2015-09-09 00:26:21.669136,+168972685292742
2015-05-26 07:34:55.615911,+563918919418174
2016-06-29 11:34:11.429530,+240970567623204
2015-01-06 21:39:38.104947,+34850022388520
2015-10-28 10:54:48.076283,+486340770567746
2015-01-28 09:32:30.638435,+166882207665270
2016-05-07 22:30:21.184257,+438319973450537
2016-05-02 00:00:39.883954,+169628106964695
2015-06-15 12:08:27.937926,+243988891586289
2016-08-18 06:18:25.344741,+638289098655154
2015-04-10 17:14:31.893035,+29753089019744
2015-05-24 14:16:15.591929,+288855407137740
2016-03-02 18:16:33.553209,+210294195253086
2016-07-06 22:32:58.109846,+951245543609647
2015-02-25 01:22:52.479954,+8857678217220
2015-06-19 09:07:31.541141,+39778202928815
2015-06-10 10:13:42.227428,+16185690399677
2015-07-08 13:18:50.053287,+81940433529037
2015-08-10 17:51:31.859718,+640508381815090
2015-11-01 01:44:48.797769,+327318275546618
2016-06-07 21:00:18.920925,+891988862085292
2016-04-15 18:43:20.213454,+636927396555186
2016-10-29 14:54:55.897067,+495734385139725
2016-03-01 10:05:20.953664,+927480224248506
2016-09-23 02:46:02.366751,+60125372773224
2015-07-15 15:48:03.978345,+214549016214390
2016-06-12 15:42:26.034063,+178902872335897
2015-08-28 17:54:02.804706,+131358929506379
2015-03-15 02:39:22.098286,+498573005570967
2016-02-18 20:48:48.161514,+595317162512796
2016-10-14 03:47:43.505567,+221362337050342
2016-08-05 04:49:43.581064,+961711880097939
2016-07-07 17:20:27.286750,+748541756906548
2015-02-06 00:35:11.749471,+807641869684159
2016-01-23 08:29:44.498079,+666773167567958
2015-10-21 04:45:39.468339,+96824666968081
2016-06-22 14:16:17.961477,+761697142171411
2016-02-19 19:01:38.981829,+779467867939412
2016-05-11 00:38:21.514415,+55131386071711
2015-05-14 15:07:32.107659,+822353012747043
2016-07-03 19:15:06.993393,+166727345314921
2016-06-23 03:55:25.139500,+120702752368481
2015-07-24 07:02:20.430312,+269160977212228
2015-10-15 03:20:44.654311,+115566561370589
2016-04-17 16:07:02.665829,+202135324131883
2016-05-25 16:51:58.646808,+223687804377282
2015-04-02 19:11:18.505027,+364356833044540
2016-11-03 17:39:21.972067,+608408507313544
2016-04-25 06:53:56.408059,+841141913746755
2015-06-25 17:37:12.528221,+266646468247829
2015-06-28 04:21:21.917132,+413285607981527
2016-09-28 11:40:29.562751,+217282924032179
2016-05-23 02:53:25.775838,+851684686206277
2016-05-28 19:13:14.341029,+303282689329294
2016-08-09 13:03:57.880257,+311997746752738
2016-09-20 20:36:04.601424,+235983834358485
2015-11-12 06:09:26.644196,+877149689133076
2015-09-13 11:05:08.040246,+405177367718607
2015-06-03 13:41:21.575242,+181630793096124
2016-03-04 14:35:08.811562,+889698664396451
2015-08-03 06:40:30.764460,+161901680303030
2016-10-13 18:56:46.378432,+52888468807644
2016-03-10 00:52:14.432820,+530222736882109
2016-11-14 11:02:40.753304,+46432021517221
2015-01-12 14:30:02.862804,+630519784476097
2015-01-17 15:48:22.633928,+745315129212631
2015-05-12 11:34:20.509173,+154326481223216
2015-09-10 06:35:51.391051,+62481342863302
2015-03-16 22:03:21.214632,+727129703941713
2015-03-30 10:24:33.979937,+39720402893001
2016-05-01 19:32:36.411752,+761333840060046
2016-11-26 10:37:44.155173,+344752978024644
2015-07-03 16:01:05.216401,+314275519808036
2016-01-02 20:33:55.634054,+637701197393366
2015-03-21 08:29:09.990450,+787588220360901
2016-06-25 11:30:49.938990,+56995825546921
2016-08-25 03:30:49.447677,+408872091104400
2016-08-02 03:30:40.595575,+429647647962038
2015-09-25 17:07:54.710525,+958110846990757
2016-03-12 03:32:12.564532,+930556100791345
2016-01-06 19:00:06.540147,+608390745545892
2015-02-20 05:57:20.895199,+722151478927978
2016-10-28 05:38:46.975256,+882449259100517
2016-06-17 01:48:47.940338,+93297754950129
2016-02-10 05:12:04.922402,+724600682662362
2016-05-13 13:11:20.590121,+452132496855600
2015-02-17 09:38:39.790946,+69344873597210
2016-02-18 16:32:38.857402,+238613656641178
2015-02-06 02:12:44.201753,+237164142754733
2015-07-06 03:27:38.330116,+839235975840806
2015-08-08 09:56:33.080922,+832416125270639
2015-05-12 00:39:48.222314,+768542321746268
2015-05-23 18:23:32.530567,+331617303055542
2016-03-03 20:32:39.058124,+81562936079091
2015-04-13 12:55:17.846045,+149289128283315
2016-05-18 05:35:50.126481,+45931172718604
2016-02-01 00:12:34.731527,+434922855354191
2016-04-10 11:33:00.187303,+963196374039302
2015-05-01 11:16:57.376025,+235150213524240
2016-06-01 14:31:06.096860,+591656187250399
2016-06-03 07:21:50.753835,+8515863126174
2015-04-26 12:00:03.702696,+787405287213161
2016-07-13 21:41:17.314691,+56878566399398
2016-11-13 06:48:35.213095,+174875061847640
2016-03-07 20:29:34.601361,+425136389130767
2016-07-30 12:15:09.013034,+312244564311266
2015-04-02 06:17:04.749082,+79184899303489
2016-01-11 04:33:28.784844,+659201677724666
2015-04-25 08:44:53.811708,+756672044163336
2015-07-01 22:54:38.318457,+560887934949669
2016-02-18 15:08:09.374335,+90558302641929
2015-04-22 03:27:31.365312,+231676740093525
2016-03-07 05:35:49.736954,+807740676396681
2016-03-24 00:46:08.158896,+896390603889987
2016-06-15 15:32:38.994239,+258331868459718
2016-04-13 04:56:51.753532,+590653657462532
2016-05-24 04:18:36.127786,+721760984951663
2016-08-16 08:39:58.532320,+830513501094632
2015-06-21 15:32:02.280647,+437260552819737
2016-10-27 05:58:06.201872,+99264742702522
2016-04-12 05:03:48.868636,+58935344731423
2015-04-17 03:11:39.213007,+589233595261178
2016-10-27 05:55:54.538044,+85451222745099
2015-10-01 02:39:45.783498,+314201730499621
2015-06-10 08:11:22.761430,+529368813012170
2015-05-30 08:01:10.272084,+151932322814852
2016-05-29 16:02:30.853581,+317811624316182
2015-05-22 09:45:27.618605,+234895785604173
2015-10-06 11:19:04.168454,+867119342778066
2015-07-27 22:21:43.221828,+808467655146557
2016-03-26 11:41:45.390948,+33893757951107
2016-04-27 19:44:08.684842,+75715649107362
2016-11-13 10:16:15.384387,+24610085552668
2016-10-05 20:44:07.289874,+555412214738182
2016-05-16 14:24:48.789293,+735202148221737
2015-08-05 06:35:26.640086,+622264107856345
2016-01-03 03:42:49.223997,+851281717152306
2016-04-09 12:33:53.446174,+928693024823277
2015-02-12 22:46:30.614458,+579161878533328
2015-04-27 11:38:41.335975,+90630394911897
2016-04-24 04:10:22.945091,+543164568645317
2015-02-10 04:33:32.320091,+703507514053424
2016-10-29 13:51:25.753302,+286603228338086
2015-08-08 20:13:11.896144,+41608595775464
2015-04-18 22:31:17.871855,+351691388057019
2015-01-17 09:07:52.044700,+898409422440399
2015-05-26 01:07:50.679455,+939866827056905
2016-07-19 01:27:29.339072,+356376182295853
2016-08-19 15:11:08.190718,+779501788495043
2016-01-14 13:18:30.889072,+2163204681667
2015-04-16 01:44:57.077349,+223838443888824
2016-08-06 02:36:27.886486,+883720761835291
2015-04-29 13:14:57.252756,+56623548999772
2015-06-20 19:11:37.680249,+603946769850297
2015-05-04 15:22:34.971642,+475890788586364
2015-03-03 07:39:39.243523,+191375539201953
2015-11-12 00:14:23.523631,+944498557688525
2016-01-22 04:19:18.220135,+398278420278490
2015-08-19 15:18:14.029333,+238230573341117
2015-02-27 02:26:02.069354,+947866920146124
2015-11-01 08:11:24.509815,+490929295144020
2016-07-20 02:06:11.410623,+930932309802289
2015-11-02 02:07:56.956492,+127929196742768
2016-01-24 06:48:05.643676,+7808372588966
2015-02-21 14:08:14.164051,+127161389181304
2016-01-21 13:09:42.114011,+854797597884584
2016-09-28 00:26:31.967495,+804136606934874
2015-04-17 15:19:36.247722,+372234281996451
2016-06-22 05:24:17.680464,+770509607046010
2016-01-01 03:54:05.737203,+6980507924995
2015-05-07 13:27:16.387069,+451715014498719
2015-04-20 13:30:30.245557,+959750814102294
2016-01-13 08:19:04.795140,+889317850618724
2015-02-11 16:14:49.884251,+264856130639495
2015-05-04 00:05:54.223550,+138439429305268
2015-09-02 09:23:25.063170,+339515471986971
2015-01-16 20:21:25.748270,+222162971048767
2015-10-19 08:04:04.765369,+173213376615216
2015-10-28 19:15:55.341691,+170526097656080
2016-03-12 22:36:41.287552,+643360731413236
2016-05-27 08:32:47.790854,+762189796035383
2015-08-25 21:57:19.551737,+625289739608768
2015-07-10 01:04:14.168738,+907398306098416
2015-11-08 00:15:13.528104,+424717838458089
2016-04-16 18:48:48.017089,+167655151931341
2015-07-04 02:56:05.800873,+29320032680544
2016-07-03 16:30:44.970306,+748719180028775
2015-06-23 08:41:29.300676,+3656982770244
2016-05-22 13:57:25.757629,+184359729720811
2015-01-10 19:58:06.243732,+359193442982471
2016-09-12 12:34:21.035167,+68782129972400
2016-04-06 07:48:55.163140,+464899804526515
2016-03-06 22:47:23.946790,+315988563905006
2016-11-16 03:16:50.797439,+159678492157316
2016-10-14 09:17:47.538498,+63472864540388
2016-11-12 20:37:16.565184,+746317200246221
2015-09-09 09:58:31.977193,+589735817353498
2016-04-20 09:48:40.510809,+148704453388763
2015-09-13 22:49:29.476389,+46692551042121
2016-06-20 14:02:39.459350,+294366146085955
2016-03-18 08:21:36.582512,+510556672371062
2015-11-29 15:44:28.756975,+428586968980445
2016-04-17 15:50:46.872215,+729424920466447
2016-01-28 13:32:27.935685,+491408149483629
2015-01-08 19:15:08.203796,+12664347395129
2015-08-09 21:29:37.475148,+5795847462707
2016-03-12 11:36:16.579644,+580661179369988
2016-02-18 01:42:25.969839,+503116177640967
2015-09-09 12:03:22.063247,+781864265134400
2015-10-19 16:41:21.989363,+2154879456956
2015-01-02 16:54:26.979105,+575690149362889
2015-10-02 11:19:51.294851,+519550786211876
2016-07-08 05:05:25.562550,+873534553870339
2015-01-17 17:33:57.883058,+546148069478316
2016-05-17 10:35:17.319241,+830507415919550
2016-01-03 06:01:39.961967,+891125283379795
2016-03-13 08:55:16.208885,+409494566859432
2015-02-14 09:09:09.055975,+42259202400571
2016-09-12 11:30:39.724922,+253156641457422
2015-04-08 08:21:12.457834,+888310449889452
2016-04-21 06:50:12.531389,+836893402786661
2016-06-10 13:51:18.506023,+280140839656372
2015-10-01 17:20:17.288517,+45667055869923
2015-09-08 09:48:11.447340,+338559588708818
2015-06-13 04:46:22.157575,+233863813646303
2016-09-17 13:45:12.640102,+381443767419676
2016-10-22 07:32:06.360882,+649545387417521
2015-03-22 21:31:26.079079,+639464361770851
2015-04-10 22:19:40.048462,+650617235782315
2015-11-01 16:37:53.175173,+665202773868370
2015-01-07 13:32:39.797635,+89734821939524
2015-03-26 17:48:44.009479,+103199759333700
2016-08-18 13:34:58.206807,+777148236265331
2016-07-15 22:27:37.504861,+234649243936097
2016-02-04 01:12:00.153912,+437733253817016
2016-11-21 05:19:31.487687,+256797837739866
2016-04-26 15:27:26.207258,+62501370454528
2015-10-14 06:53:26.193596,+139835270316032
2015-08-07 13:01:29.024107,+29668561306813
2015-08-27 22:41:19.646032,+388692269450954
2016-09-03 03:08:10.912266,+215828811216207
2016-03-08 17:56:58.263968,+283341994841395
2016-04-01 16:39:11.703942,+967539279164524
2015-05-24 10:20:09.001103,+412830998545036
2016-11-22 20:32:56.882826,+258731938826913
2016-07-15 12:00:27.380347,+333362083898775
2016-10-27 13:25:30.039886,+423949099875729
2016-11-04 04:03:58.176756,+423411633996991
2015-03-21 06:10:51.159355,+194442411295710
2015-05-08 17:29:46.552658,+99255247680107
2015-05-17 03:17:35.796963,+814710549915178
2016-01-03 19:22:02.075169,+6642855987356
2016-10-10 18:14:09.172109,+766496869026990
2016-04-28 09:37:19.954708,+425473744215198
2015-08-21 12:01:30.632787,+31685615934579
2016-05-14 10:57:10.443163,+410791433204626
2016-03-04 10:45:20.724932,+516532807320172
2016-07-13 15:14:53.048022,+758531301808940
2015-11-02 08:52:51.900278,+722365521081680
2015-05-02 21:02:38.226852,+145404139270127
2015-11-02 11:10:36.302959,+314236631177922
2015-05-25 05:17:01.783740,+384552370588633
2015-03-12 06:41:26.582204,+755200321457194
2015-02-27 05:36:05.223601,+72758919069678
2015-07-24 18:10:17.513178,+539491857844166
2016-01-08 15:31:02.509728,+69953506198730
2016-10-20 06:36:58.273228,+113836919052874
2016-09-14 04:37:55.961323,+91480410866007
2016-02-05 14:05:39.790150,+187505429428511
2016-08-06 19:15:52.749602,+5564748693937
2016-08-11 20:24:42.140749,+774975451287977
2015-04-24 10:40:11.008887,+328609632763259
2016-09-28 03:47:10.991773,+607682827473508
2016-10-13 10:32:46.514907,+77947465861216
2015-11-01 14:01:05.974382,+506224913066260
2016-04-02 02:03:27.548084,+398201688788018
2016-10-28 20:12:27.193978,+457944332346499
2016-10-09 17:13:05.464099,+600239759207846
2015-06-03 03:33:56.175914,+46843101183563
2015-07-27 05:50:28.301230,+412662313271272
2015-01-15 04:51:03.122032,+586799163093596
2015-01-28 20:51:08.533347,+367348495816022
2016-04-15 18:37:27.975212,+264157714408158
2016-09-08 10:29:43.140024,+194493750752677
2016-07-13 18:32:38.269913,+203367906895029
2015-02-21 10:22:54.233248,+66226171649289
2016-04-19 19:25:08.720104,+742763954063085
2015-02-06 07:41:19.806921,+190319744221680
2015-11-19 15:13:09.109806,+412604733712903
2015-08-01 01:49:48.137120,+536851462295687
2016-09-15 20:56:03.272130,+851136871791950
2016-04-02 18:01:30.219094,+63084527685525
2015-04-26 16:31:00.857241,+553900033299554
2015-01-10 00:11:58.017529,+6244367844173
2015-05-15 09:42:02.730893,+2284621681557
2015-06-15 09:09:07.657558,+549673080749862
2016-07-17 05:01:25.932651,+972557747672283
2015-05-13 08:56:42.420447,+453419233355551
2015-02-23 16:35:28.171473,+883824058681808
2016-07-15 19:11:52.778409,+971395822053953
2015-06-15 11:10:31.726927,+898100180861297
2015-11-21 10:08:54.435955,+478510171821061
2016-08-30 18:07:02.713736,+648911849793713
2016-06-12 00:49:09.172180,+139972952354359
2015-05-05 03:27:15.969273,+411950789302775
2016-01-24 02:21:20.916289,+690353538744080
2015-05-10 19:24:18.417946,+66684929492083
2015-11-26 00:04:56.554822,+80904815426566
2015-08-07 10:28:19.627558,+971430810450227
2015-10-11 12:05:40.109260,+696517741526195
2016-05-19 00:00:42.655477,+949523182365000
2015-10-03 03:57:36.586284,+567399375183679
2015-05-30 14:39:57.601802,+84733871162607
2015-11-28 19:27:03.752028,+43070686934769
2015-07-01 13:47:10.277078,+447910699206409
2016-06-26 06:31:20.007683,+12873255906336
2015-10-28 05:15:12.952172,+604774320351710
2015-02-27 19:45:29.382930,+79303131827980
2015-05-19 12:03:28.406400,+390569784290886
2016-11-11 00:32:05.693029,+446931766855449
2016-09-16 00:51:20.448096,+636568300289136
2015-06-16 09:38:13.159533,+544933011668383
2016-11-26 00:06:44.167083,+849608991932449
2016-02-10 14:57:28.904532,+305858829343580
2016-08-21 07:02:09.833575,+730557704435275
2016-03-04 16:51:42.992400,+177864498356157
2015-10-03 18:25:06.138768,+19292112053240
2016-02-21 05:19:27.155855,+408366084652109
2016-07-07 15:06:37.835478,+667218136467227
2016-04-28 10:36:43.138994,+283831732999961
2016-10-12 22:45:47.805332,+543379832412394
2015-10-12 06:17:14.773216,+766127549006365
2016-03-06 14:45:37.733806,+352561476013907
2015-05-29 10:27:18.292796,+858903481585176
2016-08-04 03:19:36.614062,+61468734011919
2016-02-27 09:56:07.684794,+578303463639802
2016-05-13 09:28:45.961166,+445150359223973
2016-04-24 02:45:30.201778,+609787593749606
2015-10-14 01:33:13.167430,+508726199526183
2015-07-26 20:45:26.285848,+72690169049617
2015-04-21 05:39:07.315175,+139853123680230
2015-09-27 06:18:08.031070,+342895836662802
2016-04-12 14:20:02.725202,+506886730668041
2015-01-12 13:20:54.912392,+212479549452746
2015-01-30 08:16:09.789744,+806716909365160
2015-01-23 19:39:20.234525,+686101315713636
2015-02-09 13:47:41.775394,+841439471779590
2015-03-30 20:40:24.462144,+795624485934806
2016-10-27 05:45:14.342803,+765749717699634
2015-04-11 13:42:54.484266,+9752769256376
2015-05-11 15:25:18.618107,+500211255814671
2016-01-22 12:48:37.094258,+833268635871704
2016-10-18 01:40:25.079049,+21716583989334
2016-07-01 17:45:16.059003,+797498774149733
2015-02-09 04:14:41.519357,+230946513882563
2015-08-22 15:49:31.618093,+69277790267366
2015-02-25 19:06:15.948562,+14777037274573
2016-07-05 04:35:20.585621,+445963742796546
2016-11-09 01:42:23.471639,+768282237080720
2016-08-02 11:32:20.837784,+608754789678498
2015-02-25 02:38:26.283540,+211140109972247
2016-03-29 16:25:29.004522,+680897880620873
2016-09-07 10:53:56.386036,+436448621401872
2015-10-07 00:57:00.716934,+72204929261136
2015-10-03 18:19:00.954962,+20268096494469
2015-08-30 11:00:07.214058,+457587178203745
2015-05-06 15:36:20.180471,+131211210177826
2015-05-01 22:22:18.792883,+734230012683184
2016-04-26 17:41:19.903195,+666790902558531
2016-10-10 08:04:21.512276,+831702483382696
2016-11-03 13:48:32.959661,+626665800596442
2015-09-01 06:36:49.478116,+50300998569901
2016-03-09 17:13:01.416161,+662954869439658
2015-09-18 07:38:41.962909,+197665286706323
2015-11-26 20:22:17.268524,+886245975356678
2015-07-25 11:33:01.598804,+452846856201166
2016-01-15 17:33:42.709071,+269892551747273
2016-11-04 16:18:26.783701,+865516927245344
2016-06-09 04:08:08.740446,+20098416191477
2015-10-05 13:12:07.420664,+784841289854865
2015-04-11 08:24:51.604332,+559219642574183
2016-06-25 21:25:33.567160,+714687637698298
2015-04-09 06:37:46.337002,+480457719731293
2016-02-12 04:17:07.494760,+490340977082774
2016-09-20 10:18:13.254814,+372102672309780
2015-02-27 14:49:20.812545,+59543189282265
2015-01-13 02:24:32.538553,+95304029497647
2016-03-10 18:15:51.460357,+388571998963612
2016-07-09 21:18:58.169078,+838937879808075
2016-02-18 05:47:25.350407,+379954235214816
2015-05-04 19:09:50.014953,+669806700019893
2016-07-04 22:21:51.154848,+721308793876670
2016-02-19 17:22:02.548998,+356791258178815
2015-09-07 01:01:58.655349,+733346897360068
2016-07-24 20:39:04.163196,+409347938633412
2015-03-06 07:24:54.937030,+347596738858910
2016-07-03 04:05:02.439196,+52176494396583
2016-09-09 13:09:49.121032,+93972532806741
2016-06-01 21:26:40.796923,+353272306996718
2016-04-28 17:20:29.343520,+88722667797822
2015-10-01 20:12:45.635299,+689419914302457
2015-08-02 22:58:12.274906,+530280481373904
2016-01-24 15:57:50.820380,+145562072439142
2016-11-24 14:15:44.950654,+307187259871160
2016-10-17 18:18:54.397560,+697546600184994
2016-11-04 15:38:20.729225,+456816330470990
2016-11-02 08:19:52.639676,+510613787638885
2015-03-25 01:07:53.063477,+60606542482915
2016-02-07 10:06:20.941902,+454781890030905
2016-11-02 08:07:58.685322,+514211561333878
2015-10-08 19:29:38.382554,+79374868834113
2015-11-04 11:58:51.357392,+710745712871551
2015-08-03 15:15:07.073062,+884495838784982
2016-06-24 07:13:55.896847,+60378464650768
2015-06-10 12:24:23.795105,+618192436634518
2016-11-05 01:58:55.340814,+582737894542571
2016-05-29 18:11:14.541299,+452823690870503
2015-05-04 21:07:18.428799,+269777279020720
2016-11-17 05:04:37.650318,+124330938988013
2015-03-29 13:52:27.989555,+967247871433203
2016-01-06 02:10:58.103292,+560118171969438
2015-02-17 21:56:40.184604,+93987323126584
2015-05-03 10:29:29.202512,+955892417010317
2016-09-27 00:30:11.405930,+551848210625852
2015-01-10 22:57:42.056638,+701977850348041
2015-04-29 03:10:06.717378,+619275165452123
2015-08-28 03:47:11.883964,+459497699269948
2016-08-10 10:08:37.043387,+179988832073749
2015-08-24 15:18:57.067227,+558505416957570
2015-08-20 19:30:39.518528,+361993778905347
2015-01-01 00:23:00.148316,+740801855050538
2016-11-21 04:13:56.359463,+827552137410882
2016-11-19 20:46:20.292461,+431194355489474
2015-03-03 00:19:48.845144,+82718158504967
2016-02-09 14:54:47.425875,+143467281318802
2016-03-07 07:46:16.281345,+765745992587337
2015-01-17 11:07:46.597167,+799197517739525
2015-05-15 16:43:36.487116,+67569081711547
2015-10-22 00:31:42.419180,+780211275350550
2016-05-22 20:38:53.946618,+82712570069496
2015-11-08 02:38:56.540145,+54916731715329
2015-05-18 01:17:09.358322,+752182583950212
2016-09-06 02:08:16.919689,+899795166682998
2015-11-07 12:11:48.344646,+876968474422686
2015-11-24 20:46:25.281576,+516544364864916
2015-01-17 22:14:42.699532,+454302855236242
2015-07-26 07:21:49.342145,+650181848002449
2016-01-06 21:36:35.697220,+128862213025245
2015-05-03 21:44:48.312110,+617256168853251
2016-09-06 19:06:39.126318,+695165691229226
2016-07-16 00:46:25.822666,+271602348667341
2016-05-13 11:05:03.622208,+585497793797090
2016-08-10 21:29:44.507787,+42645544560019
2016-08-10 02:51:37.722008,+169688485423027
2015-04-14 09:50:40.594663,+422948405160818
2016-05-10 09:13:31.905221,+430281345516729
2016-06-25 20:21:07.017378,+792713271278550
2015-06-28 01:00:07.524441,+166818077037728
2015-07-09 06:17:30.287846,+608769604363676
2015-09-18 13:15:34.203056,+600771798651117
2016-08-11 13:52:18.614099,+704370352303611
2016-05-23 06:09:19.254196,+301942088267954
2015-08-11 19:31:41.642843,+2076855166923
2016-07-05 09:02:03.032398,+91365174464874
2016-08-16 11:33:42.730780,+1845332753387
2015-10-09 13:46:58.246229,+470318220954549
2015-04-05 02:16:36.324485,+751174360212773
2016-07-30 19:30:12.428114,+91968989866090
2016-11-01 04:28:17.761192,+675363725600399
2015-02-03 03:57:19.895995,+11774918636746
2015-04-18 17:08:37.391355,+94061492424182
2015-09-08 04:09:20.318532,+28816213886801
2015-04-08 11:47:22.891911,+11013198969959
2016-10-28 15:53:40.274360,+253313531544575
2016-09-26 07:15:23.180256,+209490618898846
2015-05-19 17:24:28.735266,+602554858683351
2015-02-16 18:31:51.941886,+21610410333520
2016-04-01 17:08:57.645232,+528451448083092
2015-02-05 08:10:03.984677,+101221240427356
2016-09-11 12:19:11.395581,+17371609508611
2015-11-14 00:49:47.783283,+397471409745565
2016-06-07 06:01:24.481363,+499653473930428
2015-08-05 03:24:23.664563,+68238006570319
2015-07-21 03:55:52.478724,+775227234521420
2016-04-15 02:45:14.042848,+424314846800877
2016-07-20 19:53:00.206111,+649833880286330
2016-04-03 18:41:06.130882,+298722797994382
2015-06-06 16:42:04.299029,+479282945889854
2016-10-05 13:35:08.205447,+469460809283025
2015-07-22 14:35:14.806640,+393260374022983
2016-01-06 13:54:31.136360,+228920543198946
2015-03-20 13:20:10.862357,+565247451167156
2016-06-16 17:47:26.374827,+348461521402149
2016-02-02 10:54:38.526329,+96883908374614
2016-11-27 00:28:06.593255,+805549527107945
2016-07-19 18:20:38.915758,+345226872516754
2015-10-06 01:19:49.048686,+519602654626987
2015-03-30 08:51:20.364590,+649450166298663
2015-04-03 18:19:34.789414,+18908153066643
2016-10-24 02:31:54.958839,+121228957387462
2015-01-15 10:35:50.834321,+852562297546480
2015-06-23 05:17:34.221732,+736756541044152
2016-03-08 18:33:16.195768,+660506266460044
2015-10-13 09:01:52.065244,+745679543653823
2016-09-13 08:27:05.894474,+472668494017305
2015-02-24 21:29:47.853717,+477317513897672
2016-03-17 10:56:55.347248,+582955687304078
2016-03-14 12:39:16.093802,+505854834927072
2016-10-18 17:28:35.202283,+619518819119979
2016-09-28 06:48:47.881616,+510308174483515
2015-09-09 08:24:13.485167,+499417649704475
2015-02-04 08:13:18.901412,+896670003082906
2016-04-04 20:07:02.880267,+61616497629156
2016-05-20 11:20:25.721348,+599662050237216
2016-01-30 12:12:13.429269,+502705573664306
2015-02-10 20:53:38.494383,+51849159233232
2016-02-03 07:53:35.473508,+962592337618267
2016-09-22 18:51:48.483623,+633398799529403
2016-07-16 09:10:10.826909,+222459116871416
2015-06-16 15:51:03.819823,+606851432497889
2015-01-26 13:25:08.560036,+219686745537279
2015-03-22 19:38:01.104423,+82759895130215
2016-07-13 22:17:57.712456,+31821519366408
2015-01-10 11:10:52.937389,+70024984705475
2015-06-14 17:15:28.248243,+695123107897823
2015-07-15 17:03:33.682855,+630295579158284
2015-04-18 21:57:38.967475,+494928216108592
2016-08-19 08:46:43.789123,+348932756898344
2015-01-16 15:53:49.913216,+217184343061568
2015-04-04 07:05:01.470470,+496961762298397
2016-05-03 00:43:41.600868,+318802396723051
2016-07-28 15:06:53.169795,+926417983426667
2015-03-06 12:26:48.712577,+525775687741755
2016-03-02 18:38:31.437198,+213943603530990
2015-09-06 04:38:29.717207,+75282582675940
2015-02-27 19:05:10.086898,+463686147354305
2016-05-15 15:54:01.932625,+237482057508130
2015-02-02 09:39:04.151462,+20316259022225
2015-06-01 20:32:43.958273,+953255369394429
2015-03-13 01:34:13.274308,+71822533587007
2016-04-23 09:02:23.390649,+965971832855504
2016-06-23 05:05:38.225610,+271914842390304
2015-09-06 01:37:21.903532,+461867706758497
2015-09-22 01:51:09.717458,+37831355791100
2015-03-29 10:58:21.601171,+903712045396192
2016-07-17 07:41:37.242214,+767916488502180
2015-05-24 00:24:38.792437,+532968027879345
2015-03-24 17:03:04.944576,+343791563979772
2015-02-08 10:05:02.636652,+157963543874344
2016-01-13 09:38:03.883924,+21065794037107
2015-07-01 05:30:42.735754,+879192250367197
2015-02-13 00:01:47.037644,+399105841273644
2015-03-30 08:47:03.016478,+660938880299624
2015-11-07 06:04:38.492179,+498212879607364
2015-03-20 04:03:21.639508,+818724675268728
2015-11-11 10:07:35.677798,+351531094574690
2016-11-06 20:42:53.345194,+263889756070380
2015-03-26 08:39:17.322990,+383127924721013
2015-09-10 15:47:00.518644,+159878567065246
2015-09-01 00:10:34.234092,+779303589191361
2015-09-24 02:11:14.614665,+46496585027227
2015-02-26 07:31:13.265659,+766617175103308
2016-03-06 10:20:22.485490,+250740675911550
2015-06-15 11:11:39.809911,+755417810508012
2016-08-22 15:22:46.057947,+63788228728813
2016-05-23 15:48:45.570960,+538434901882892
2016-09-11 20:21:08.920389,+799429716738145
2015-10-06 12:32:04.842065,+42768638235301
2015-10-01 16:41:04.020949,+459942196143677
2016-02-02 07:46:50.313209,+664761862409252
2015-04-01 06:36:31.012121,+606707352916414
2016-08-08 00:27:35.996394,+297474138553993
2016-10-06 09:33:23.302609,+759382447995261
2015-11-24 06:19:12.134377,+880644814746356
2015-02-01 19:41:19.586629,+739482230531320
2016-08-23 13:55:06.100966,+663859536883646
2016-01-15 12:06:10.123246,+847542423856552
2015-02-22 12:57:21.700428,+245147680736202
2016-08-09 18:04:23.452312,+85719485604212
2016-03-26 18:31:40.662880,+761685113773014
2016-07-16 19:01:13.229505,+412309554036790
2015-11-23 01:41:32.198251,+95578342336126
2015-11-06 07:47:45.710226,+647354490400502
2016-11-20 12:10:26.964482,+821434279903068
2015-02-17 11:13:03.915484,+285720109291051
2016-10-23 21:13:01.224797,+290319505998245
2015-08-16 13:25:03.295830,+629562340593872
2015-07-18 05:46:38.177877,+127572110256215
2015-06-25 07:46:17.960107,+495787361151813
2015-07-09 18:39:31.738358,+159672850837669
2015-09-17 18:13:09.654790,+581517989450024
2016-04-02 13:39:53.995211,+562223602798705
2015-10-28 02:27:42.592022,+784393100376737
2016-01-16 06:46:05.814285,+747119568308608
2016-02-20 01:27:29.237376,+7871254187400
2015-01-03 18:46:45.428747,+517759648839121
2015-06-26 08:27:42.691797,+74953667859986
2016-01-01 14:33:55.170614,+394528289408637
2015-07-19 15:16:03.550500,+452135374965677
2015-02-20 01:13:50.358309,+179181794584991
2015-09-01 17:36:50.143453,+310707023226396
2016-01-24 20:37:32.852415,+620931549245248
2016-02-11 06:01:52.288603,+261523450874580
2016-07-28 10:13:55.707001,+185888111565256
2016-08-13 06:26:00.795919,+789569915952682
2015-10-18 02:31:35.759612,+344434358575133
2015-10-25 18:46:40.527435,+268943197245756
2015-02-08 14:42:33.402309,+33378143637819
2015-10-19 01:16:18.442873,+170235861423305
2015-03-05 01:56:45.783154,+815100093982155
2015-02-09 22:33:25.741180,+278870055133209
2016-02-25 00:31:24.018398,+282243809244356
2015-09-09 16:22:57.614911,+806207833766173
2015-04-27 15:53:10.692215,+682362939325273
2016-10-23 04:19:33.783144,+108332086444297
2015-07-07 01:18:27.767985,+148738078084072
2015-10-14 10:55:44.394733,+120494141834682
2016-09-24 21:02:11.545465,+840452219590160
2016-09-21 19:14:56.986760,+228219628761625
2015-01-18 02:00:48.316952,+348793040763683
2016-02-12 19:09:20.153003,+471494721777933
2016-11-10 05:06:42.326548,+941486464846778
2015-09-22 13:18:52.313798,+434352629991729
2015-01-15 00:22:18.942573,+252394778279776
2015-06-03 07:41:11.042117,+172708286840426
2015-07-30 22:19:57.951056,+632589309687204
2015-08-12 00:13:36.438288,+919261863511628
2015-06-08 03:01:57.416619,+507188910555683
2016-11-10 22:11:01.481916,+218989019359602
2016-05-18 12:36:06.394735,+889346645114713
2016-05-18 12:53:53.074925,+254642799648010
2016-06-12 08:24:13.072330,+86929603313581
2016-06-13 06:19:03.612373,+24247837230770
2016-08-11 09:08:22.580725,+305805954489483
2015-09-19 04:03:56.690006,+341634001064309
2016-10-14 04:13:24.143245,+13399031037572
2016-02-02 04:41:53.092646,+113778436089710
2015-11-08 05:09:26.087361,+449441135393413
2016-01-27 09:52:04.836490,+346895949711182
2016-02-19 19:39:32.699705,+741246474685833
2015-11-11 03:30:36.289222,+538217062004241
2015-02-21 04:00:19.565136,+878159091844041
2015-09-24 07:22:09.595839,+34163610817702
2016-01-05 12:44:18.661821,+942145493659144
2016-06-08 22:54:36.985208,+324302656250795
2015-10-03 08:46:23.161994,+802225763580104
2016-07-24 08:40:48.507051,+622936848472563
2015-11-16 00:55:58.503878,+853535466790587
2015-01-01 18:20:20.046290,+843651327065478
2015-07-26 03:09:12.401080,+432636978471790
2016-02-04 22:55:07.733350,+36978742322952
2015-11-06 13:26:31.988257,+244119191838818
2016-07-29 08:30:33.947446,+74458247565319
2015-02-09 04:07:09.862898,+286883340594827
2015-03-09 14:28:08.470721,+495534080491409
2016-04-26 22:18:58.966978,+479384346061727
2015-11-20 12:30:42.401934,+14370486653814
2015-01-16 07:11:05.120228,+79071486688713
2015-11-08 17:24:54.480291,+178492158708393
2016-07-10 00:41:18.160358,+138264613113289
2016-06-07 03:30:17.166600,+175727785823534
2015-05-28 07:43:45.098839,+620108717175898
2016-03-25 07:38:42.059200,+376854277331155
2015-09-27 20:27:38.387253,+463768391603295
2016-08-14 07:05:36.078729,+263736709978334
2015-05-09 16:20:58.727504,+541101139012637
2015-03-05 10:53:52.079511,+339714992868869
2015-10-22 10:09:08.226560,+230858489592944
2015-04-05 06:48:54.524384,+3952375236244
2016-04-28 09:05:50.355211,+941451774503078
2016-01-06 06:15:39.064345,+425805246205868
2015-10-09 11:03:36.902748,+719812862928838
2015-11-17 02:00:42.024749,+96515503206395
2015-02-04 21:51:47.123793,+297608197610471
2015-05-06 00:23:02.542009,+746172184553501
2016-11-17 01:11:05.696528,+36127751904337
2016-05-01 04:39:09.329692,+652243571370102
2016-07-22 08:33:03.047088,+899792159453740
2015-09-23 08:19:41.236893,+134289206894946
2016-11-07 08:43:31.597185,+474548606855836
2016-03-03 19:47:37.434506,+111112905305518
2015-01-13 04:15:42.612483,+751426990473948
2015-06-08 19:23:08.532202,+373680480284755
2015-08-19 02:05:36.655061,+505102751535027
2016-05-14 07:56:00.251884,+245245865576230
2016-02-27 14:10:08.836414,+3865296299895
2015-08-19 22:04:33.344612,+284314582164028
2015-01-18 14:56:26.232993,+144861328948189
2015-04-29 17:53:45.903086,+431334901453817
2016-09-14 00:45:06.932651,+422317320408347
2016-10-27 21:26:42.450180,+860478851071044
2016-11-07 10:40:16.106398,+571442746182753
2016-11-12 20:51:17.116471,+264243552529511
2016-04-13 06:25:35.277221,+43734856414261
2016-06-24 08:45:42.977469,+723291073756154
2016-03-19 04:34:55.265824,+344705997934823
2016-05-04 09:25:29.812581,+474981219246457
2015-07-22 03:17:36.496464,+842268034100973
2015-05-27 20:18:05.647213,+718135913114107
2016-06-24 10:38:18.387081,+192996737537169
2016-10-18 13:34:19.845765,+43552982994257
2016-03-03 20:25:20.441612,+322508316904210
2016-01-01 14:25:28.306054,+380802299236380
2015-05-27 02:14:52.901941,+921376204388336
2016-04-27 07:37:50.990505,+296216116919182
2015-02-14 20:25:51.190416,+73162026913361
2016-05-27 12:41:50.793605,+79767239456129
2016-05-19 04:57:11.183701,+402286206385490
2015-10-05 21:38:39.762047,+355993081584197
2015-01-16 05:09:04.241445,+755472804032413
2016-02-16 20:54:36.232984,+465564519232102
2015-11-18 12:53:42.613034,+383401666219323
2016-09-08 14:42:44.377081,+358880714606845
2015-06-07 14:11:10.971440,+839105284352526
2015-05-01 14:47:02.472605,+833753252446275
2016-01-21 08:47:30.121931,+600918927181597
2015-09-23 19:16:46.340857,+578985779894404
2015-06-15 18:29:35.762721,+465957103671442
2015-10-18 10:02:17.714566,+102402350314837
2016-06-29 11:27:51.166110,+566351389254512
2016-06-16 15:49:27.634617,+104519191506577
2015-07-12 03:40:45.934671,+24956460981119
2015-03-06 05:23:00.862718,+137231559080417
2016-02-16 03:30:06.089083,+458140965004511
2015-05-25 00:38:44.691734,+739661717616508
2015-10-11 05:13:07.308547,+433478565393429
2015-05-25 10:40:38.739682,+124850839027659
2015-07-29 22:12:53.981259,+418964323734923
2015-10-11 07:41:15.998878,+424654331579919
2015-07-04 17:20:12.388669,+864488869271548
2015-11-19 19:47:27.523025,+430906345765182
2016-10-27 06:56:10.299279,+414879818471689
2015-06-24 07:01:31.297703,+330365188208095
2016-02-19 21:40:27.822694,+245692519526820
2016-03-05 18:13:15.951580,+791747959210622
2016-05-04 10:43:10.875374,+116313719566653
2015-04-02 06:27:24.396705,+120723991298293
2015-03-30 16:58:50.776683,+344124025070852
2016-01-09 02:54:34.781772,+541189216111995
2015-11-06 11:56:05.390928,+867118090639566
2016-02-01 18:02:20.727731,+757692940204570
2015-08-18 18:56:12.758042,+254922793749868
2016-04-07 20:19:15.932064,+949902274267483
2016-10-10 01:55:58.940790,+657418724399506
2015-02-19 02:28:00.829297,+936612331200537
2016-06-06 17:23:37.392837,+55573780519095
2015-02-23 01:02:41.562670,+289999377303216
2016-10-02 16:47:11.601913,+392391648549288
2016-10-07 21:53:56.413661,+421237208011460
2015-02-04 17:16:36.017309,+157857550720217
2015-07-14 13:25:33.579300,+220258200205093
2015-04-15 15:38:40.003440,+243672796296380
2016-02-26 04:24:39.960713,+36571138279384
2015-11-12 22:44:35.828622,+369756270202268
2015-09-14 15:04:00.218663,+105403115724636
2016-06-16 12:29:24.450880,+419938659870564
2016-09-08 07:20:09.460840,+704294199095113
2016-06-12 10:38:40.730528,+571761478148395
2015-04-11 11:06:54.446948,+627308876902271
2015-06-22 15:40:41.649944,+770370180342050
2015-05-13 05:35:39.746911,+581516824862678
2015-01-20 03:25:36.264906,+502859028726472
2016-04-06 16:36:15.601468,+120153588976178
2015-06-10 04:52:00.946166,+777309188175382
2015-01-30 16:04:25.346910,+507927857253994
2016-05-05 01:54:44.457285,+938261090545495
2016-10-26 16:39:26.777625,+613462830891971
2016-09-13 05:20:15.928079,+541862573700763
2016-09-06 14:14:07.017877,+454353088416263
2015-02-02 05:43:33.885957,+79246623513107
2015-07-10 02:24:03.001013,+63410694416843
2016-06-16 13:32:04.239841,+314310161604127
2015-04-12 17:09:08.958205,+4625460005585
2016-08-15 17:58:38.432225,+805263666649455
2015-08-30 04:54:58.210787,+41130436296138
2015-02-11 02:07:48.433992,+404355080937544
2015-11-23 02:54:23.553378,+241469021500896
2015-10-28 20:27:53.328639,+761140475220121
2016-06-06 00:05:04.297100,+836918544161187
2015-06-12 22:23:19.290612,+97264050276654
2016-08-09 01:23:20.320301,+347835947648684
2015-01-17 09:11:15.460654,+16474542460961
2016-03-24 20:26:36.494485,+771854630755559
2015-11-27 01:30:17.655107,+66362956321453
2016-07-25 11:07:13.991997,+857827538538242
2015-03-27 15:12:27.387079,+44858218976807
2016-05-15 06:29:15.602005,+397371544721321
2015-04-24 04:07:01.253115,+233986498716211
2016-07-11 00:23:48.148698,+91537071969045
2016-10-14 22:32:12.634100,+474450614098236
2015-06-14 06:30:42.553142,+195545230445128
2016-06-15 13:09:31.631149,+477123711309615
2015-04-06 01:31:25.695099,+899466427032218
2015-07-23 08:34:13.834049,+125490230978954
2016-09-24 18:48:12.385710,+604366162605212
2016-04-15 12:25:35.516284,+280817115199805
2015-08-24 21:51:04.789301,+127573536303077
2016-11-24 08:39:43.919128,+612536922763111
2016-05-08 01:47:49.849000,+45358606870007
2015-09-10 14:24:42.951730,+627925340905468
2015-03-24 11:41:03.480606,+375321662266720
2016-03-18 03:07:07.855737,+91124946850683
2015-09-01 08:25:04.889312,+535396104473612
2015-02-07 19:29:07.887302,+44443558507343
2016-07-30 06:28:45.902791,+948439826861141
2015-04-24 15:11:45.854253,+929785487683726
2015-10-08 02:55:24.582583,+167677967065778
2016-04-07 10:53:23.497209,+438108025565831
2015-08-18 20:42:49.410620,+445839989211175
2016-05-18 21:55:44.287857,+674975493583139
2015-11-28 05:32:20.815666,+507182327243874
2016-10-15 13:30:18.250087,+788430062567779
2015-02-03 13:31:35.812498,+392631287362605
2016-03-02 00:45:26.859390,+476525925708574
2015-02-11 06:38:05.839733,+37384290732017
2015-08-24 00:08:30.711844,+339867817920591
2016-06-07 21:12:43.328867,+466766792163692
2015-08-06 13:43:26.778093,+389739504123028
2015-03-06 20:23:40.618586,+422380814356970
2015-01-12 17:49:43.491327,+681131616380571
2016-06-22 22:25:28.979293,+593572472506882
2015-09-20 16:35:57.749660,+791856091711716
2015-09-18 07:57:58.778529,+8523661450919
2016-07-12 14:09:21.659894,+180764337920902
2015-03-26 22:16:58.496874,+382777229673379
2015-02-17 02:37:53.706933,+386691588622340
2015-06-25 08:37:58.900144,+620826316185467
2016-07-02 09:14:55.895685,+27735625485503
2015-10-20 21:37:16.913367,+715844515938677
2016-08-15 13:02:47.821581,+79838761263245
2015-04-07 10:58:00.906164,+179420995352418
2015-03-22 19:28:32.288534,+869277884340626
2015-05-15 04:31:12.896956,+330566239288697
2015-09-12 09:34:09.404985,+98718998744176
2016-06-01 16:51:51.714891,+78727423247250
2016-06-23 03:57:56.992854,+4072736341292
2015-01-19 15:46:32.244471,+921936209157343
2016-05-05 04:39:47.928550,+606826818656148
2015-08-26 01:46:15.567700,+268544450089298
2015-02-12 14:09:32.716753,+489421342674418
2015-09-21 14:02:24.004721,+605997372861626
2016-07-02 02:38:09.478485,+17529044833871
2016-04-15 05:28:33.951339,+203468007935227
2015-05-10 04:02:46.315819,+581487057874221
2015-01-08 10:42:24.955455,+906824369908524
2016-10-11 04:31:30.258251,+297951433338488
2015-06-17 14:28:04.099376,+737625099290230
2016-02-08 05:09:03.994467,+550448129116510
2016-08-04 20:15:54.909767,+490442173499020
2015-01-09 06:55:30.858516,+119606596642682
2015-06-27 06:41:31.376696,+560703851654525
2016-07-06 07:01:21.203480,+762489899196142
2015-01-24 05:24:19.819297,+97822661837390
2016-08-20 05:16:45.815249,+152859103512430
2016-04-29 19:02:14.189157,+245260294403413
2015-11-01 09:17:55.679903,+764357032969373
2016-03-18 09:17:21.429716,+356131684019354
2016-11-01 06:03:43.070200,+411622677938783
2016-07-20 14:43:28.858498,+8229679096195
2016-02-10 01:02:17.116330,+337759137072701
2016-02-14 09:46:13.783290,+26917473824090
2016-01-30 11:43:56.968571,+705879383062314
2016-06-08 14:54:57.871170,+436961784355260
2016-02-22 18:42:55.758922,+79172116836657
2016-10-27 04:01:11.419424,+278484772496716
2015-01-14 15:29:40.316871,+214352154969778
2016-02-14 07:56:47.757255,+554509670418355
2015-03-16 13:02:01.382759,+20286761083447
2015-02-23 17:51:03.290712,+612424038648409
2015-03-09 09:53:16.222567,+35440258240806
2015-07-13 04:06:09.725280,+298759554110256
2015-06-04 20:00:41.280269,+908923732710267
2016-11-24 21:49:18.184957,+758330960808438
2016-10-19 07:40:57.372889,+686757809702329
2016-01-18 09:43:27.779580,+65784686696840
2015-05-08 20:04:12.185251,+681120266810278
2016-01-01 17:20:42.184075,+766276940403924
2015-11-26 06:08:03.931744,+833552407368824
2015-05-26 16:44:33.830169,+924901268450827
2016-06-15 12:58:18.478132,+12936223660967
2015-04-02 22:52:22.661560,+593263461400860
2015-10-15 12:11:49.813021,+446189907103031
2016-10-10 05:33:33.345644,+890477291688323
2015-04-08 00:15:47.354328,+432398659796457
2015-03-10 13:31:17.687484,+802580949931566
2016-07-09 02:24:16.600462,+37188575958904
2016-05-04 10:32:49.841134,+264157502908670
2016-03-26 13:35:36.867280,+101681913083218
2015-10-01 07:07:13.540942,+433498457464651
2016-03-01 13:10:51.501470,+478271819156753
2015-10-29 22:46:27.855948,+643535298126499
2016-09-07 04:37:29.030152,+969160199678298
2015-02-04 03:55:00.230584,+6407938459538
2016-05-28 03:44:47.492460,+324823724654289
2015-08-06 07:51:35.341519,+251195864833183
2015-01-21 21:23:48.344739,+819726813525842
2015-08-15 07:11:13.008065,+576143968152509
2016-07-12 12:31:19.944567,+67759037141144
2016-03-01 06:47:20.452437,+750185687395054
2016-09-06 00:21:21.979989,+186905505496337
2016-09-15 17:35:34.285192,+855153507668773
2015-01-16 08:53:09.659091,+894415840249510
2015-02-02 02:08:57.413461,+903784191375297
2016-07-21 10:39:22.985963,+280268262114651
2015-09-03 19:22:24.316024,+725597226724161
2016-06-17 03:44:00.478408,+92668294763156
2016-09-26 19:32:05.676561,+55279517024967
2016-10-25 03:20:19.731435,+6574680690593
2015-03-08 02:42:12.809749,+329921525039249
2015-08-27 19:58:24.005107,+837155627931469
2016-08-24 20:15:57.407376,+713209794439302
2015-02-17 18:53:19.935070,+126301688582752
2016-06-12 06:19:02.865909,+427725542011795
2016-07-09 07:40:19.900934,+181929840177581
2015-07-26 16:13:31.969528,+77637557627416
2016-05-17 00:46:43.706229,+21488614195818
2015-03-25 14:45:35.521347,+511572352138060
2016-04-13 10:00:30.523253,+904775342516932
2016-10-25 15:51:37.849764,+949743620555264
2016-10-26 01:29:19.657901,+345632938736322
2016-04-16 00:53:19.326593,+68093865904172
2016-08-19 17:47:43.286250,+637322485919255
2015-02-25 14:34:26.006992,+6320156605978
2016-02-21 10:16:30.801970,+138267164278639
2016-10-07 13:37:38.159458,+600286187439773
2015-11-26 04:52:38.824931,+152618014822598
2015-02-18 11:40:17.268708,+286857154668811
2016-03-19 06:09:42.331641,+590462679431740
2016-11-01 08:06:41.653948,+932757835532595
2015-01-01 09:27:36.432181,+363651672680762
2016-09-09 10:56:25.444992,+234193872869316
2015-05-06 22:04:04.777754,+423149223330430
2016-08-09 06:56:40.518510,+361242672843147
2015-04-24 05:30:47.033364,+904883751128154
2015-06-06 08:29:27.304508,+28755490679271
2015-10-27 05:24:17.085504,+93363255910572
2016-07-15 22:32:47.070210,+267126638190262
2016-04-09 21:54:53.900821,+649844521931
2016-01-05 11:43:03.802094,+720168738093499
2015-07-04 03:37:11.049759,+470471382717116
2015-01-28 21:33:02.683652,+24247205464600
2016-04-27 20:17:07.705543,+604759048883504
2015-07-15 04:23:50.624889,+425481390970784
2015-01-02 14:50:44.086213,+956211609780127
2016-09-22 15:30:27.677071,+59785417167183
2015-06-04 14:42:24.946495,+690604882900132
2015-06-02 13:20:13.010171,+849280333965303
2016-10-30 17:09:58.621823,+842602773394449
2016-07-28 20:53:55.320631,+239941276386236
2016-05-23 03:41:21.390988,+11820055701387
2016-09-11 05:12:47.211712,+780286356511426
2015-07-10 00:32:02.780435,+431544335366916
2016-01-09 12:09:09.162921,+687532852209411
2016-11-19 06:20:56.147593,+88014397542173
2016-01-24 12:35:46.962355,+161374886285334
2015-03-22 17:57:25.284431,+626778879752402
2016-02-23 19:14:16.522767,+669294186192033
2016-06-08 17:57:19.248170,+700246395495192
2016-04-29 03:50:22.718696,+732439922613248
2015-06-15 19:58:36.116034,+669331141679766
2015-04-06 16:39:13.668403,+436408998880705
2015-06-22 21:54:20.155668,+240815008114799
2016-11-23 00:08:42.133011,+132777379607641
2016-04-05 00:41:08.159825,+149931416470599
2015-11-26 18:49:46.436627,+297995782409972
2016-02-17 05:52:02.155789,+63566410206180
2015-01-21 20:22:16.704930,+229491751181127
2015-06-19 01:43:27.736910,+863625438270860
2016-10-27 18:39:38.978059,+607717866683735
2016-01-24 10:27:31.706523,+121580842381676
2016-07-07 06:53:18.171924,+290745935334411
2015-04-01 00:09:12.982831,+817793023573953
2015-08-10 12:48:06.604860,+216161863607438
2016-01-30 20:18:40.031905,+514667020790254
2016-10-01 07:35:00.259860,+800982078907786
2016-06-26 05:10:34.522746,+255736521129911
2016-06-11 10:22:26.528554,+476849025640587
2015-02-24 14:49:29.488334,+462426693469541
2015-07-11 19:26:50.419638,+648968963124304
2016-02-25 21:12:34.771983,+764825119128698
2015-04-06 22:38:00.932600,+32280458740569
2016-11-06 09:10:46.602940,+673284109877849
2016-05-08 09:20:42.264348,+77573431335494
2016-04-14 17:15:46.182365,+606812899338538
2015-05-17 22:09:10.057631,+57216628167360
2016-08-21 19:28:47.000483,+23442052792414
2016-11-18 03:37:31.425996,+40507745620022
2015-09-13 12:02:20.961687,+729261614060084
2016-03-14 05:15:26.234698,+684632970715590
2015-10-14 09:09:31.890010,+96288082677458
2015-04-29 17:41:48.893230,+953620063931593
2016-01-13 18:38:49.721301,+679350574677121
2016-07-15 01:35:29.508947,+62853333734205
2016-11-22 09:12:38.472426,+429532279800836
2015-11-02 07:56:20.978198,+626726703728747
2015-01-28 08:50:10.551657,+893402470428776
2015-03-24 18:37:31.501957,+176303018275391
2015-04-09 13:50:33.093112,+956320515326850
2015-04-06 02:23:11.038414,+803640534591999
2016-04-05 07:15:10.907669,+37882710787794
2015-11-10 01:42:04.135112,+841358687715403
2016-05-24 11:25:25.979326,+289427494769031
2015-02-02 05:47:27.563926,+52166108024765
2015-11-16 22:57:36.128894,+364472116197759
2015-03-02 07:31:04.277033,+404730849480028
2016-01-20 03:45:35.264473,+211973255720302
2015-09-04 21:44:43.060989,+62848245149106
2016-05-26 03:10:17.738341,+690634763169941
2016-07-19 02:03:58.146696,+427110179356091
2015-11-01 18:25:25.348540,+600310972762443
2016-01-06 05:37:18.959167,+485669262829382
2015-08-02 21:30:30.079256,+142733323393522
2016-10-14 02:18:27.615250,+360379520147610
2015-10-29 13:41:25.097714,+558357835151845
2016-09-14 11:22:22.179014,+536596140854800
2016-04-04 10:28:02.517829,+16853590211672
2016-07-30 01:02:20.625875,+288935715199603
2015-05-23 11:39:04.226377,+24352580878165
2016-03-26 17:36:04.904501,+24127068138304
2015-07-02 09:56:32.327691,+958332522879855
2015-01-04 22:33:31.705154,+362230579790822
2015-08-26 13:17:10.459518,+242619254913013
2015-08-19 21:18:34.886540,+465338243353553
2015-03-16 02:49:53.339958,+896586902366534
2015-03-18 12:24:09.835719,+568434901960646
2016-08-05 16:09:18.217585,+531451099130947
2015-04-20 00:31:42.094446,+831171058785154
2015-08-06 17:34:33.290659,+434292712405509
2015-04-27 04:52:06.816215,+297648525637163
2016-01-21 18:43:08.437110,+950539846336107
2016-09-22 19:56:46.811141,+933887850141731
2015-03-23 01:01:39.395568,+962166914888574
2015-11-04 19:56:37.074506,+908426970121155
2015-05-07 19:23:32.979849,+6673012367024
2015-01-25 05:04:52.392797,+74587211739227
2015-04-16 16:33:08.057347,+222903830966669
2016-05-17 14:47:36.226412,+168880918676276
2016-08-23 02:20:44.403683,+18310371286182
2015-10-15 01:46:53.544595,+282842181874950
2015-02-07 10:11:13.830233,+945388663351979
2016-09-20 15:37:44.573458,+910773458957464
2015-02-08 21:51:03.938586,+464660659134652
2015-04-24 08:25:37.805446,+27979864995208
2016-02-04 18:33:22.611339,+68462785989983
2016-09-10 20:04:39.138726,+240580105078399
2015-08-06 00:56:11.161350,+310420796661240
2016-01-12 15:49:05.575322,+115115081790828
2015-01-30 05:56:54.192303,+385729236250611
2015-02-09 09:24:00.015638,+416825818546060
2016-05-16 00:48:44.706513,+659378806413798
2015-03-10 06:35:42.694510,+218396245116419
2015-11-25 05:09:49.963661,+572303237758907
2016-08-07 03:49:55.475875,+916948898684366
2016-03-01 11:22:37.317937,+241908449760495
2015-06-18 08:14:37.542743,+17634162338753
2016-10-05 05:42:38.165106,+936773073073103
2015-08-29 17:34:20.790357,+892554297802708
2016-06-29 01:12:08.121553,+78256756622524
2016-02-17 13:42:03.339269,+56974476182280
2015-07-24 22:57:27.948307,+326655287761785
2015-04-08 18:29:06.650289,+147291297810112
2015-04-23 05:08:25.228931,+447771034595389
2016-03-15 16:55:37.490870,+744123120619492
2016-03-27 05:00:16.614094,+130123782660765
2015-09-29 18:31:25.198553,+201869903245862
2015-06-16 22:46:24.530147,+904411458590244
2016-06-25 09:22:30.928443,+922175065419031
2016-03-14 15:30:30.749693,+94386931988322
2015-11-09 02:26:24.405300,+637679825607753
2016-07-04 00:36:54.712885,+532150650624653
2015-02-14 09:25:15.274701,+801813241028445
2015-06-21 06:02:50.570894,+602382164807261
2016-02-16 06:26:34.962959,+45384967841050
2016-09-02 13:20:24.918089,+700665649310479
2016-01-30 09:39:43.539554,+124873898808223
2016-08-30 02:37:17.823513,+323684827544733
2016-07-14 22:40:41.411097,+953635709898520
2015-01-02 22:36:35.600798,+782907688369937
2015-10-16 22:12:06.352309,+108861314724474
2016-03-11 17:05:41.658194,+481524098977387
2016-04-16 08:37:29.923742,+962580461190569
2015-06-02 02:58:58.006762,+825881042969525
2015-02-14 15:11:29.553738,+453620918366903
2015-10-07 15:37:06.255819,+59973467079506
2016-11-17 21:37:45.672446,+465597521030991
2016-05-24 00:48:51.217866,+410320874708432
2016-11-25 10:00:01.753447,+744488620150226
2016-06-17 16:17:27.026692,+1139683873705
2016-11-14 09:14:05.470183,+611676124087527
2015-04-27 18:50:30.803761,+470572310686568
2016-02-17 16:46:28.652267,+254586179117608
2016-11-23 20:43:40.287527,+13167848878982
2015-10-23 05:56:13.749876,+104838895444888
2015-09-22 12:21:31.895137,+31822107442477
2016-06-06 12:11:36.772361,+229781874059400
2016-07-19 20:33:48.129372,+495254533873100
2016-02-02 10:11:30.933313,+535913584291082
2016-01-14 19:07:39.155002,+808784664563376
2015-04-06 04:28:35.653684,+444720909658852
2015-02-26 20:53:16.628661,+18641109206113
2016-11-06 06:27:06.832186,+937513173458056
2015-06-16 15:53:12.037778,+20950815702422
2015-02-12 11:26:26.719211,+726796936551438
2016-02-20 14:27:19.875636,+850909541525606
2016-10-04 11:13:53.654330,+301265242051094
2015-08-06 13:09:41.124112,+778503820417381
2016-05-02 07:14:49.724099,+709168156067974
2016-08-11 07:19:44.159036,+217140596566510
2016-05-02 04:26:39.090913,+1870014635639
2015-07-29 17:36:22.917077,+164684563651032
2015-08-08 01:13:22.958086,+189321150787739
2015-08-01 17:06:45.147392,+642425237523611
2015-06-15 08:44:42.509953,+15423253208390
2015-05-04 15:41:53.805271,+66642746988668
2015-04-28 19:15:39.090678,+40929837582544
2015-09-19 13:34:27.478191,+187672084063080
2015-11-25 10:56:20.606374,+320393783314460
2016-04-26 08:01:44.243036,+555631376509482
2016-10-04 13:19:20.412100,+876356147339739
2016-08-20 02:42:55.286911,+124288786785644
2016-05-07 10:37:13.273462,+866167194843850
2016-03-01 16:46:26.544027,+34532494456105
2016-06-19 05:10:42.937476,+248219724096990
2015-08-05 14:50:41.580272,+5485392265094
2016-07-15 10:02:30.121514,+72462392974424
2016-02-19 12:07:12.368754,+4572171516455
2015-02-18 01:55:43.664025,+178348678148805
2016-11-04 11:55:27.300595,+54765460075075
2016-05-17 01:12:56.807738,+63137189790463
2016-03-29 09:44:49.465136,+352969780217064
2016-02-01 18:24:15.514753,+869854011857258
2015-05-07 03:29:04.197293,+677840122933922
2015-08-16 03:01:17.585480,+702806875403054
2016-10-17 20:48:41.340533,+25236982084296
2016-07-14 13:15:30.300639,+873834737854194
2015-02-12 12:31:57.271729,+390571505967504
2016-02-05 06:21:02.296823,+47384214066247
2015-11-29 12:25:09.289548,+722719602195228
2016-07-26 15:54:38.310378,+899599727274482
2016-02-03 20:13:48.398218,+548211384498712
2016-06-11 11:58:12.289494,+89229975666775
2015-02-12 21:11:40.830420,+383449699073798
2015-08-14 20:26:58.761122,+828551402290003
2015-07-10 09:53:49.079590,+912876552208357
2016-04-11 21:02:06.384964,+28246928418198
2016-07-22 12:22:52.148005,+487850645339860
2016-08-24 02:18:06.491325,+633704633579263
2016-07-21 09:58:43.538495,+552787896004943
2016-08-10 22:55:50.720869,+243301944043156
2015-09-07 01:22:46.713882,+382581791441829
2016-09-13 06:47:34.894661,+659970841854588
2015-11-26 02:47:04.302133,+910978740220824
2016-01-20 10:12:05.510392,+936675680764328
2015-06-24 06:37:23.899008,+652602433305539
2016-10-01 17:52:13.601542,+4265369774568
2016-05-07 08:41:49.166628,+5435013277352
2016-03-14 19:46:06.694061,+188831853299514
2015-04-21 01:53:21.215576,+876664473433640
2016-08-17 04:27:50.571496,+700571032274637
2015-09-21 08:58:47.859308,+102281055681664
2015-02-20 12:02:25.646844,+943613077702255
2015-05-04 04:40:45.149335,+628375771657697
2015-08-17 18:47:56.642126,+2973205488618
2016-07-05 00:31:23.876301,+48854571554237
2016-07-10 14:40:03.941639,+120988703335035
2015-03-17 16:23:29.825451,+23489662164792
2016-03-28 10:14:44.853018,+126432571127385
2015-11-07 20:18:33.706229,+474113840356317
2015-02-05 04:15:20.892511,+351957927993172
2016-02-05 07:40:02.252834,+492509440645949
2015-06-05 13:14:46.068273,+511398221454983
2016-01-10 01:50:32.759883,+10928424065830
2015-09-26 15:29:11.384165,+318483237323832
2016-08-05 19:48:49.667743,+347216484493735
2015-06-24 08:27:49.482204,+769639040564774
2016-09-08 18:22:38.677428,+939151495328707
2016-06-12 08:19:53.100909,+369485899976160
2016-02-05 05:17:55.798726,+726262482657498
2016-01-22 11:01:05.520129,+917690693542749
2016-10-14 05:31:08.460036,+918903639090504
2015-09-24 14:31:20.839270,+7795943337591
2015-02-08 02:36:03.901657,+688772053458381
2016-02-25 11:40:27.520936,+112104142192267
2016-09-27 21:17:48.373178,+777794736486276
2016-03-29 11:09:48.504400,+130317676370801
2016-07-10 13:02:28.231233,+519853145135840
2016-05-25 17:39:01.287082,+573164636552953
2015-08-20 05:31:10.906840,+942531207848341
2016-04-17 20:46:45.629330,+311202897490313
2016-06-28 14:01:49.630781,+43382883658346
2015-03-02 22:36:13.210383,+5893881522228
2016-03-04 00:05:25.497286,+356561504787908
2015-06-17 09:23:00.104707,+207710159937786
2015-04-13 16:33:15.954913,+137322434211587
2015-10-23 06:03:28.086117,+449316724131477
2016-07-02 06:15:21.928900,+9578317305201
2015-10-19 16:45:16.131061,+227699307349223
2016-05-24 12:55:11.333524,+208325969168156
2016-11-21 19:39:00.726535,+389642387758094
2016-03-03 09:53:09.001071,+9476589517018
2016-09-28 03:37:13.457618,+43185506079254
2015-04-21 00:42:44.976510,+196470281580247
2016-09-10 13:11:41.515282,+276664795708305
2016-02-09 17:58:28.195387,+897363475342181
2015-11-27 12:48:39.328744,+758260860793534
2016-03-19 04:51:06.267450,+57278609812670
2016-03-18 01:01:16.003724,+910846937104638
2015-02-24 17:45:04.527797,+244144649380066
2016-08-10 08:38:27.637274,+860776710388447
2015-11-22 16:18:36.341427,+462327607295016
2015-05-22 18:33:17.975682,+637843268966279
2015-04-07 05:43:52.190005,+862400327480983
2016-03-29 05:04:42.230150,+911431182242489
2015-02-23 22:43:40.202503,+261487826151935
2016-03-13 11:53:49.746501,+967470416597830
2015-06-18 08:07:18.632403,+750941348181623
2015-08-18 03:34:01.787079,+632812734294935
2016-04-17 09:49:34.720199,+580303898078048
2015-09-10 16:32:04.723572,+106643814377563
2016-11-13 08:54:12.061910,+203661292543217
2016-03-22 08:29:32.357795,+596116167876158
2016-06-07 12:52:27.257433,+85823960413712
2016-09-26 16:57:18.863024,+4669048206239
2015-07-02 09:58:56.997391,+210248937072076
2015-03-03 09:21:41.612082,+415251094837804
2015-05-08 08:36:25.143480,+178549293068768
2016-01-04 14:33:40.153336,+53586106771213
2016-03-15 05:48:28.600808,+880648715985369
2015-10-29 21:49:25.416055,+803569831141307
2016-01-09 18:50:14.881675,+317457077696769
2015-04-02 12:06:32.562632,+305401323304624
2016-09-05 15:37:20.083439,+360532534821405
2015-03-18 03:50:25.846525,+170597130248899
2015-11-09 15:45:06.934264,+498162239271744
2015-10-08 16:16:13.394059,+171931544199653
2015-02-13 22:05:21.231490,+95997124901053
2015-02-18 00:31:00.847576,+907520315991680
2016-02-03 02:06:54.470608,+486516986178948
2016-09-02 07:01:03.022807,+279477454527642
2015-06-21 01:28:07.515439,+863210438744154
2015-03-16 07:10:47.987152,+870846332362536
2016-04-22 01:09:08.531886,+54622198151980
2016-04-15 02:12:45.309805,+750433013023712
2016-01-09 12:00:23.655271,+576696683967941
2016-03-30 21:08:15.267217,+555330903779094
2015-02-01 07:43:35.110294,+648505289137047
2016-03-21 03:36:03.289110,+68175671948957
2016-09-05 01:55:55.840548,+676123944632114
2015-07-02 06:28:20.889537,+59060518172833
2016-02-20 03:57:32.945571,+61462070586488
2016-10-14 14:10:52.322631,+242146912507939
2015-04-03 15:03:06.580475,+354853532908004
2016-01-19 12:38:36.958041,+71142693018952
2015-04-07 17:31:25.303663,+261629170787550
2015-11-20 13:23:12.379266,+37113215983734
2015-09-23 20:14:50.793887,+721394332842774
2015-03-02 13:11:37.355767,+85365891402448
2015-06-02 05:00:49.154196,+760781118680684
2015-11-03 22:57:53.466001,+221711851344764
2015-10-29 12:35:57.789375,+29210217523232
2015-08-19 12:17:03.618076,+733199199757352
2016-08-12 05:38:37.591665,+378139099852760
2016-06-24 15:42:28.174640,+943734865840841
2015-11-08 06:53:45.829017,+278223971895997
2015-05-20 01:54:07.957023,+285978563567703
2015-02-04 05:39:03.003639,+114211705408872
2015-08-13 01:29:43.828732,+640759547699966
2016-02-08 03:49:07.018372,+38667273041279
2015-05-02 11:19:24.852997,+622397901895611
2015-06-27 07:52:58.212549,+962220000497987
2016-04-20 19:38:55.387261,+277403947097774
2015-04-01 18:10:20.281308,+26546071836021
2016-10-30 02:40:37.346205,+7083383033665
2016-09-11 01:11:54.550477,+4381546374607
2016-06-12 21:38:26.614661,+120830805456477
2015-08-10 06:05:42.121579,+292642567536580
2016-01-29 15:34:00.488097,+368807023398496
2015-08-07 22:55:43.345456,+75631857222988
2016-02-04 08:43:35.927538,+738840109222130
2015-09-24 19:09:05.435474,+313314458750253
2016-04-15 21:19:44.389234,+415684916156956
2015-11-13 02:13:03.819929,+219148947170707
2016-07-15 16:24:49.059789,+927542071817689
2016-04-02 14:27:15.886683,+487190981032031
2016-02-25 07:10:35.487084,+672190179206758
2016-06-11 10:03:33.902623,+373125046836907
2015-05-14 01:08:09.993518,+492474682271852
2015-04-26 06:42:07.668916,+779545664916754
2016-05-04 05:21:58.280625,+392868616495574
2016-08-03 06:18:44.384358,+343787699021153
2016-08-29 02:26:28.190469,+824568423437833
2015-03-14 11:02:58.967730,+707487263573157
2015-04-13 01:48:41.576421,+547176863470843
2015-03-15 01:27:10.526566,+135510802209446
2016-07-11 21:34:19.712601,+282411008532053
2015-02-26 19:16:23.707618,+58275539783612
2016-10-21 11:00:35.188951,+8217485592687
2015-11-22 13:40:48.536100,+147980431261803
2016-03-09 20:38:08.202202,+116219237061455
2016-07-13 12:43:46.882957,+539966176513998
2015-10-15 00:42:15.054572,+595140481646214
2016-03-21 06:27:56.762964,+401166271218267
2015-07-13 20:37:52.174992,+474760637276778
2015-10-13 02:48:10.747028,+52957134068726
2015-02-11 12:12:11.733050,+810118151088269
2016-08-28 12:49:19.499562,+806646186976319
2015-02-12 13:38:44.860365,+764697573096689
2015-03-27 18:55:34.354166,+181101215691366
2016-11-19 14:56:47.662990,+343943548573746
2015-02-13 17:48:26.194418,+325365057832453
2016-04-16 01:41:46.232450,+335141966643830
2015-08-23 05:29:22.455521,+218121200551284
2015-01-08 06:52:53.837031,+384290441865334
2015-08-11 07:35:25.053419,+597103821853878
2016-04-17 19:43:40.170888,+161723137967070
2016-06-17 14:25:47.198993,+15445010995735
2015-11-07 01:20:52.212723,+898883482697692
2016-06-18 17:51:11.180344,+942750937613875
2016-07-07 08:05:14.210009,+251315418797955
2015-01-22 15:40:07.245006,+736159950112196
2016-03-12 06:44:06.226189,+419502365439072
2016-11-06 02:43:17.377465,+79151920929540
2015-02-06 09:33:07.057557,+43671245841017
2015-01-29 15:34:29.921774,+17934536805879
2016-11-25 11:40:49.330738,+153842968761856
2016-11-23 21:30:34.126878,+815434250128353
2015-04-16 10:38:35.721527,+671697220047960
2015-04-11 05:57:43.443722,+17547617931089
2015-08-18 04:13:48.744909,+71669097682311
2015-10-05 03:07:08.108231,+5659785090185
2016-01-10 05:50:52.784749,+483309721356444
2016-04-22 07:17:39.513234,+50073376402947
2016-06-12 17:03:55.791158,+15513313895950
2015-08-14 22:13:33.228931,+240193952491827
2015-05-12 03:04:37.263100,+127692303565506
2015-02-09 13:08:27.617667,+331574445765564
2015-11-08 10:31:52.721918,+742309357184038
2016-07-27 04:48:36.287368,+305979100521800
2016-10-17 06:43:32.126388,+319825031910491
2016-06-08 05:16:53.450973,+797750436053663
2015-06-19 18:05:20.137827,+886740725911090
2015-08-13 05:51:57.303575,+387250909372104
2015-05-23 22:26:49.042009,+472994816517384
2016-06-28 03:02:51.648098,+510934049985491
2015-11-10 15:46:22.098344,+758414382606063
2015-09-28 03:04:06.786951,+911485179519366
2015-06-04 12:12:14.710209,+229851208912020
2015-02-11 17:46:22.941073,+89665656555395
2015-03-20 19:15:14.891252,+297720543031778
2016-01-14 10:34:05.221296,+758744943276451
2015-01-16 17:18:37.333255,+385420456656399
2016-03-17 04:54:43.175952,+818854524643284
2015-06-14 18:14:10.572791,+795322246632834
2016-03-18 14:20:15.119464,+381591134999161
2015-09-04 22:01:36.708037,+654600103259303
2016-06-20 04:49:26.196550,+150850687831281
2015-01-11 19:42:35.152602,+506623898097655
2016-04-27 20:05:48.044691,+783531224936615
2015-06-19 17:21:25.363669,+18245120008335
2016-10-04 17:34:54.707813,+300638900804638
2015-04-27 13:00:53.277009,+677522244920611
2016-11-28 19:12:16.087775,+540994859195467
2015-07-08 14:55:48.901746,+852338933786320
2015-06-09 07:20:02.695967,+339246432415789
2016-07-22 21:08:51.619462,+411532415640481
2016-11-18 14:05:51.896600,+444662932649383
2015-09-28 10:21:09.898880,+76557260248869
2016-02-24 12:30:44.299456,+668276019068669
2016-10-16 12:30:44.116804,+935217719001980
2016-10-12 22:30:36.557955,+654444075088631
2016-01-26 10:15:46.881307,+339317477235964
2016-10-09 05:51:22.002988,+595123795138414
2016-01-06 05:13:39.693409,+437239662376225
2016-05-22 04:25:58.798253,+919681326737704
2015-10-07 03:00:33.722415,+560516326246376
2016-06-05 13:20:50.449298,+660716806605106
2015-10-14 19:44:20.305456,+297973553454251
2015-04-28 07:44:07.756067,+555147161509325
2016-03-02 10:31:44.999504,+371563056226331
2015-09-25 13:27:26.167092,+351389588650928
2015-01-25 17:11:02.325053,+562688614543608
2015-03-29 12:54:53.975997,+280326470029055
2016-06-08 11:17:14.413734,+343637585178545
2016-06-09 21:42:34.345047,+565138410608115
2015-07-10 13:58:58.993064,+558538388223054
2016-10-29 13:24:26.507763,+291711909739325
2016-03-19 16:39:34.409251,+527390614701005
2015-11-26 04:56:09.139414,+833965601478405
2016-01-10 10:39:28.631473,+14949010358350
2016-02-06 03:02:18.305991,+808135698686427
2015-10-28 18:34:49.998070,+9122491827303
2015-04-18 00:31:05.035642,+99436297062771
2016-08-25 03:01:41.713490,+613601874651162
2015-04-28 05:35:43.472342,+224609810440758
2015-07-30 12:17:13.725017,+277973631657062
2015-05-30 17:17:55.641386,+413373402172952
2016-05-02 06:04:05.367543,+82380202680170
2015-09-03 06:30:34.125391,+159107834861770
2015-07-06 01:29:12.378385,+943126437322068
2015-01-20 02:25:34.689331,+325284531301077
2016-10-20 08:43:36.814743,+843721821783053
2016-10-28 21:46:23.988096,+23288195534724
2016-07-06 17:31:01.209073,+256941964474967
2016-09-17 20:31:15.379831,+513138200178926
2016-07-27 11:23:02.181157,+772872661253807
2015-08-16 18:22:33.872286,+461557254384622
2016-03-04 21:19:07.380833,+904706872501604
2016-06-23 06:30:55.941909,+893680968030538
2015-03-04 08:10:17.222910,+476707670273092
2015-02-27 06:08:38.678953,+149257269274877
2016-01-27 13:41:22.443089,+859278056328196
2015-08-21 03:13:17.425205,+17513235133540
2016-03-20 22:03:50.141989,+913292228464335
2016-06-15 20:26:02.980516,+786491372904982
2016-08-03 05:57:14.999206,+4524106482589
2015-07-08 13:49:03.052693,+541819374482878
2016-02-10 22:03:23.115985,+877858073273822
2015-10-13 12:16:14.471358,+855629144281442
2016-08-04 15:10:05.911146,+486362644373738
2016-08-10 15:28:23.342986,+907958707310000
2015-08-27 18:04:34.522030,+181880366074478
2016-04-07 04:57:02.548260,+906810150298070
2015-04-14 18:44:00.124318,+92152893902285
2016-01-03 12:55:53.768112,+16112603060208
2016-02-12 08:46:34.070669,+326266442771088
2016-05-05 08:14:57.979797,+178397988863174
2015-01-20 00:48:11.449810,+821291646809484
2016-07-26 13:14:48.912903,+500224218316599
2015-01-01 20:40:31.554366,+831376852430820
2015-10-13 03:18:37.880876,+59696128150306
2016-06-23 13:23:51.208582,+891281227069428
2015-07-10 05:09:50.896055,+285209797622831
2015-11-02 11:31:06.204907,+397926270758867
2015-11-24 05:25:50.995687,+109518658235211
2016-03-05 20:37:51.086272,+60760262357413
2015-07-18 20:46:37.829731,+50365143354910
2015-08-09 01:34:09.513363,+966619905301614
2016-07-20 20:27:20.279417,+203772923440446
2015-06-17 09:42:04.257145,+705389050070800
2016-07-22 01:10:00.095538,+912231280613682
2016-02-02 18:31:38.358195,+3109389976368
2016-10-18 06:21:38.039396,+87716811881246
2016-10-23 15:33:28.973578,+55208551726680
2016-06-12 05:27:07.176462,+631991111228801
2015-06-17 21:21:58.223706,+474477290700368
2015-01-17 06:23:36.277136,+57890973222293
2015-04-24 05:07:39.108187,+924553580908774
2015-04-08 05:54:32.664453,+63641744553827
2016-03-14 04:56:44.470740,+17932902741605
2016-01-20 12:26:21.877538,+44723404660193
2015-02-17 05:47:24.250683,+224974342192767
2016-02-23 01:31:32.187350,+704110433594687
2016-09-10 05:39:58.658604,+212570724888523
2015-09-05 02:26:33.166044,+774819876396204
2016-09-26 11:48:27.551237,+61301285865380
2015-06-14 16:52:27.698313,+245909389516642
2016-05-03 00:20:32.023059,+608985182396687
2015-04-15 18:52:36.791982,+529808801789030
2016-08-24 20:54:17.775268,+244521643306118
2015-10-05 03:09:01.341497,+800690313056211
2015-11-19 22:22:38.571813,+329553704882227
2016-10-07 06:42:13.427982,+217844205543777
2015-03-12 14:43:09.209541,+944549690312747
2016-03-16 10:01:20.866866,+325271848113455
2016-10-11 11:00:53.464088,+568219185895218
2016-06-26 05:41:12.369293,+70744565201839
2016-01-26 15:53:04.898282,+152186963126992
2015-04-21 07:39:44.453506,+156677168608360
2015-08-20 04:04:44.409870,+26073739176370
2015-07-18 13:50:47.800915,+525296203615007
2015-09-09 05:49:24.959109,+7535075700576
2016-01-08 17:53:55.344358,+88488424435590
2015-09-25 15:40:35.171626,+583115411599970
2015-07-24 05:17:53.427077,+417389049804564
2016-04-28 17:35:58.567476,+942886924015121
2016-08-27 12:55:53.310268,+289224142171790
2016-11-18 06:44:51.275229,+402637527433477
2015-11-04 04:14:40.681041,+681956598351735
2016-01-17 03:31:18.315610,+80091771872790
2016-01-03 02:47:57.523297,+972372276940847
2015-06-14 09:49:32.732130,+58024828492372
2016-02-01 19:00:15.090213,+18588149352913
2015-07-04 21:46:20.684168,+387793649429651
2016-08-10 07:11:29.929776,+54550375364539
2015-03-16 11:42:17.750700,+463116432114956
2015-05-21 15:56:00.157428,+551570190761641
2016-09-21 05:05:47.470224,+857734431776707
2015-06-16 05:42:49.274938,+812261778336790
2015-11-09 16:50:04.828738,+156181122732351
2016-01-19 12:16:41.688996,+440483267650403
2016-01-04 04:42:01.069405,+618890325656473
2016-10-24 20:39:31.252161,+104938094585249
2016-10-15 21:01:27.976005,+558461863996651
2016-02-12 16:32:55.240024,+469895225156290
2016-04-16 01:27:38.567691,+246430989211865
2016-01-30 08:21:22.470729,+7537765726036
2015-10-11 13:07:47.004445,+620804332027096
2016-06-26 17:49:04.489998,+335233565856295
2016-04-06 03:27:32.166192,+956910469175451
2016-03-26 04:56:18.853314,+188535785380393
2015-04-04 17:15:50.612875,+91804030780258
2015-09-15 15:45:10.377827,+851479045055881
2015-11-09 14:49:41.316571,+829959108640441
2016-10-16 06:36:37.625193,+290879208590421
2015-07-11 15:32:36.835994,+372298816981805
2015-05-30 11:15:16.650435,+498115973946416
2015-03-19 22:01:53.048263,+720987297156857
2015-05-18 09:36:34.361629,+948948778256254
2015-02-07 22:48:29.944096,+102882699955958
2015-02-14 01:21:53.997969,+929366186209007
2015-04-14 06:37:46.295644,+816690321581419
2016-01-09 12:39:07.637441,+908729499130950
2015-10-09 17:05:44.929918,+303329690918160
2016-11-19 15:39:40.251225,+196818055125280
2016-10-17 03:40:49.321725,+948880802203865
2015-11-02 01:21:38.357235,+648813225828379
2015-04-07 11:05:02.199076,+60478331191150
2016-05-13 14:48:30.865010,+849525073966681
2015-08-18 22:34:21.604324,+60739977717461
2016-08-06 13:25:00.878161,+307182127976766
2016-11-14 14:51:09.530296,+817608992252472
2015-10-22 11:47:21.822985,+75795246719928
2015-05-01 16:15:43.270902,+967349297989991
2016-04-04 05:02:16.349837,+914720989128496
2015-09-20 18:15:12.204055,+150847501958418
2015-06-21 19:16:01.991891,+607472372831731
2015-05-04 06:06:17.157606,+700904035307671
2015-10-06 12:12:26.487480,+502731597955246
2015-08-06 00:29:58.568466,+12392132413691
2015-04-19 12:38:38.993831,+682409120365447
